Log_ID,User_ID,Log_Date,Activity_Type,Duration_Minutes,Calories_Burned,Steps_Count,Avg_Heart_Rate_BPM,Sleep_Hours,Water_Intake_Liters,Mood_Rating
LOG-502564,USR-2160,2024-01-01,Gym Workout,118,243,9219,160,5.4,3.6,5
LOG-502968,USR-2237,2024-01-01,Cycling,32,588,11088,150,4.3,1.2,4
LOG-503489,USR-2157,2024-01-01,Cycling,23,198,9557,157,7.5,1.7,5
LOG-503464,USR-2040,2024-01-01,Yoga,107,832,3044,152,4.8,2.6,2
LOG-503429,USR-2084,2024-01-01,HIIT,87,113,16114,111,4.1,0.8,5
LOG-502579,USR-2021,2024-01-01,Swimming,32,63,17155,150,6.1,1.7,2
LOG-502282,USR-2176,2024-01-01,Swimming,75,361,9278,90,7.2,2.8,2
LOG-503492,USR-2190,2024-01-01,Walking,19,51,10185,164,6.1,2.1,4
LOG-500087,USR-2006,2024-01-01,Walking,58,381,696,140,4.5,2.3,4
LOG-500179,USR-2241,2024-01-01,Walking,16,867,19676,72,5.0,3.9,5
LOG-501556,USR-2010,2024-01-01,Swimming,96,90,18045,157,4.8,0.6,3
LOG-501796,USR-2065,2024-01-01,Yoga,88,607,6527,106,6.5,3.6,4
LOG-500201,USR-2251,2024-01-01,Gym Workout,78,665,14681,128,6.6,2.4,2
LOG-500083,USR-2097,2024-01-02,Gym Workout,55,644,8506,75,6.2,0.7,5
LOG-501574,USR-2165,2024-01-02,HIIT,93,498,13906,113,6.1,2.4,2
LOG-500560,USR-2026,2024-01-02,Swimming,69,719,7895,71,4.1,1.5,3
LOG-500280,USR-2253,2024-01-02,Yoga,20,597,14569,88,6.9,4.0,5
LOG-502109,USR-2122,2024-01-02,Walking,72,671,9970,165,5.8,3.9,2
LOG-500937,USR-2039,2024-01-02,Walking,13,736,18036,87,4.6,2.0,1
LOG-502387,USR-2144,2024-01-02,Gym Workout,109,762,3156,143,8.6,2.4,5
LOG-502683,USR-2016,2024-01-02,Cycling,80,551,15372,129,8.3,1.5,1
LOG-503104,USR-2190,2024-01-02,Walking,48,426,16440,172,7.5,3.7,3
LOG-503409,USR-2036,2024-01-03,HIIT,25,123,15265,87,6.6,0.5,1
LOG-501295,USR-2079,2024-01-03,Running,32,674,3390,97,6.2,1.6,4
LOG-502341,USR-2101,2024-01-03,Yoga,106,227,12424,135,5.2,1.3,4
LOG-501988,USR-2182,2024-01-03,Cycling,61,510,1936,88,5.1,2.3,4
LOG-502607,USR-2031,2024-01-03,Gym Workout,87,502,19962,115,7.8,1.1,4
LOG-501492,USR-2115,2024-01-03,Yoga,101,197,11788,150,7.0,3.0,2
LOG-500637,USR-2086,2024-01-03,Running,47,744,5784,97,8.5,1.1,4
LOG-502173,USR-2277,2024-01-03,Yoga,52,193,6574,168,8.8,2.7,5
LOG-502609,USR-2047,2024-01-03,Cycling,30,358,768,89,7.8,1.2,5
LOG-501643,USR-2199,2024-01-04,Cycling,77,405,3028,77,6.0,2.2,2
LOG-502357,USR-2278,2024-01-04,Walking,91,165,5590,162,5.5,3.5,2
LOG-501227,USR-2259,2024-01-04,Gym Workout,69,462,13687,118,5.5,1.8,2
LOG-501975,USR-2056,2024-01-04,Yoga,118,360,8971,96,5.4,2.2,5
LOG-502353,USR-2008,2024-01-04,Running,77,756,11725,171,4.3,1.2,1
LOG-502131,USR-2185,2024-01-04,Walking,18,51,4216,159,4.3,1.2,1
LOG-500388,USR-2059,2024-01-04,Running,52,196,13370,157,8.8,1.9,4
LOG-500897,USR-2036,2024-01-04,Walking,106,499,8579,161,7.4,1.9,5
LOG-502491,USR-2276,2024-01-04,Walking,43,181,11345,151,4.0,2.8,3
LOG-500720,USR-2221,2024-01-04,Swimming,85,525,4663,147,8.8,2.2,4
LOG-502931,USR-2250,2024-01-05,Cycling,42,572,9297,163,6.3,2.1,1
LOG-500018,USR-2272,2024-01-05,Cycling,108,309,12954,152,4.5,0.6,4
LOG-500209,USR-2049,2024-01-05,Cycling,90,818,3115,179,7.3,1.1,4
LOG-501946,USR-2125,2024-01-05,Walking,74,427,3602,131,8.7,2.3,3
LOG-500051,USR-2055,2024-01-05,Running,34,418,11857,88,8.9,0.8,2
LOG-501466,USR-2118,2024-01-05,Cycling,22,822,15209,108,8.5,3.5,2
LOG-500723,USR-2263,2024-01-06,Yoga,34,681,2577,119,6.8,1.8,1
LOG-501700,USR-2173,2024-01-06,Running,68,430,1608,156,5.4,3.7,4
LOG-502072,USR-2187,2024-01-06,Running,92,603,4686,103,4.4,0.7,2
LOG-503381,USR-2124,2024-01-06,Walking,54,436,18111,130,7.8,3.3,1
LOG-502362,USR-2039,2024-01-06,Running,24,308,14832,137,5.1,2.1,1
LOG-500910,USR-2072,2024-01-06,Cycling,97,349,1239,161,5.1,1.1,5
LOG-501490,USR-2192,2024-01-06,Walking,32,438,19985,163,6.7,3.2,1
LOG-501240,USR-2124,2024-01-06,Gym Workout,27,73,1707,83,7.0,2.0,5
LOG-502878,USR-2223,2024-01-06,Gym Workout,25,189,16491,99,8.4,1.9,1
LOG-500125,USR-2114,2024-01-06,Cycling,102,107,12701,165,6.6,1.3,4
LOG-502663,USR-2275,2024-01-06,Yoga,55,122,16838,106,6.2,3.6,4
LOG-503127,USR-2029,2024-01-06,HIIT,27,506,11039,80,5.1,2.5,5
LOG-503475,USR-2090,2024-01-06,Running,21,621,19404,99,8.0,2.5,5
LOG-500621,USR-2204,2024-01-07,Running,40,734,14182,97,7.4,3.1,4
LOG-502338,USR-2227,2024-01-07,Walking,15,832,5681,87,6.8,0.9,5
LOG-500978,USR-2093,2024-01-07,Running,36,565,10784,91,8.5,1.4,2
LOG-500872,USR-2192,2024-01-07,Swimming,67,745,1580,107,7.9,0.8,4
LOG-503298,USR-2044,2024-01-07,HIIT,92,777,17231,132,6.0,2.6,4
LOG-502487,USR-2217,2024-01-07,Swimming,97,715,10787,174,5.1,3.8,3
LOG-500828,USR-2187,2024-01-07,Yoga,103,677,7532,173,4.7,2.8,5
LOG-501628,USR-2216,2024-01-08,Cycling,34,380,15475,117,8.7,2.7,2
LOG-500763,USR-2076,2024-01-08,Swimming,50,834,1594,105,7.3,1.0,2
LOG-501410,USR-2016,2024-01-08,Yoga,45,835,6955,98,6.7,3.3,4
LOG-501303,USR-2092,2024-01-08,Walking,59,786,2224,154,5.3,3.1,3
LOG-500552,USR-2289,2024-01-08,Gym Workout,42,593,7230,70,7.6,1.3,2
LOG-503084,USR-2209,2024-01-08,Swimming,47,841,12530,96,5.0,0.8,5
LOG-501402,USR-2025,2024-01-08,Cycling,58,894,15217,73,6.1,1.9,4
LOG-500103,USR-2095,2024-01-09,Walking,82,294,15586,90,6.3,2.8,3
LOG-500615,USR-2290,2024-01-09,Swimming,42,59,18079,149,4.1,2.7,1
LOG-503044,USR-2162,2024-01-09,Running,23,605,3555,98,8.1,3.6,2
LOG-503469,USR-2121,2024-01-09,Cycling,76,159,10053,93,7.9,1.0,3
LOG-502855,USR-2006,2024-01-09,Running,15,488,1065,129,5.1,2.1,1
LOG-502470,USR-2094,2024-01-09,Walking,27,365,16460,142,7.0,2.4,2
LOG-502234,USR-2234,2024-01-09,Gym Workout,54,348,5357,139,8.5,2.7,5
LOG-502883,USR-2081,2024-01-09,Walking,45,465,18392,116,7.2,4.0,3
LOG-500385,USR-2002,2024-01-09,Cycling,27,623,7363,86,8.0,1.5,4
LOG-502025,USR-2247,2024-01-09,Cycling,28,768,7092,105,8.6,0.5,4
LOG-502752,USR-2018,2024-01-09,Yoga,30,64,6195,110,8.5,2.2,2
LOG-502988,USR-2188,2024-01-10,Running,53,809,19214,133,7.3,2.4,2
LOG-503077,USR-2264,2024-01-10,Walking,51,479,3848,102,7.0,3.8,2
LOG-500909,USR-2038,2024-01-10,Cycling,45,431,7306,151,8.8,2.9,2
LOG-502419,USR-2246,2024-01-10,Gym Workout,36,673,11131,118,6.7,0.9,4
LOG-502365,USR-2099,2024-01-10,Gym Workout,84,553,1111,131,8.0,3.7,5
LOG-500397,USR-2027,2024-01-10,Gym Workout,22,547,18148,153,5.7,3.2,4
LOG-502959,USR-2251,2024-01-10,Yoga,72,659,3610,155,5.3,2.6,3
LOG-502293,USR-2114,2024-01-10,Walking,23,698,8618,117,6.6,0.8,2
LOG-502834,USR-2284,2024-01-10,Walking,79,466,19658,162,7.2,1.5,5
LOG-500961,USR-2269,2024-01-10,Gym Workout,102,240,17708,74,7.3,3.9,1
LOG-501759,USR-2128,2024-01-10,HIIT,88,99,17294,111,7.7,2.3,3
LOG-501897,USR-2179,2024-01-11,Swimming,115,57,5058,83,8.4,3.8,1
LOG-500131,USR-2142,2024-01-11,Swimming,34,471,16442,75,8.5,2.4,5
LOG-502224,USR-2011,2024-01-11,Running,40,406,4887,100,8.4,3.6,5
LOG-500882,USR-2275,2024-01-11,Yoga,92,169,14888,74,4.9,2.2,3
LOG-500482,USR-2041,2024-01-11,Gym Workout,56,414,19289,125,6.2,3.3,2
LOG-500221,USR-2144,2024-01-11,Gym Workout,87,875,1193,136,4.0,1.9,4
LOG-503018,USR-2009,2024-01-11,Swimming,40,453,6872,172,8.3,3.7,2
LOG-502920,USR-2036,2024-01-11,Cycling,40,248,7773,114,7.7,1.9,3
LOG-500036,USR-2263,2024-01-11,Yoga,23,240,11282,75,7.7,3.2,5
LOG-503243,USR-2047,2024-01-11,Gym Workout,52,240,7432,90,7.7,1.5,4
LOG-501107,USR-2230,2024-01-11,Running,63,560,7152,70,8.5,1.2,2
LOG-501677,USR-2001,2024-01-11,Swimming,63,786,8587,116,7.4,2.2,3
LOG-500370,USR-2060,2024-01-12,HIIT,27,144,16416,169,6.8,3.5,5
LOG-503185,USR-2009,2024-01-12,HIIT,14,345,4820,144,6.6,3.9,4
LOG-503013,USR-2222,2024-01-12,Walking,101,236,5584,73,5.0,2.3,5
LOG-502433,USR-2090,2024-01-12,Gym Workout,54,472,14480,172,5.9,1.8,3
LOG-500062,USR-2220,2024-01-12,Swimming,118,718,1826,104,6.8,2.7,1
LOG-500063,USR-2108,2024-01-12,Running,86,394,9593,85,5.0,2.8,5
LOG-503338,USR-2182,2024-01-12,Walking,38,463,6259,166,8.7,2.8,2
LOG-500573,USR-2225,2024-01-12,HIIT,33,716,1210,109,7.0,1.6,1
LOG-502376,USR-2164,2024-01-12,Swimming,94,682,6558,144,4.4,2.5,3
LOG-502865,USR-2276,2024-01-13,Gym Workout,18,582,13427,147,6.4,3.4,2
LOG-502158,USR-2118,2024-01-13,Gym Workout,78,412,11116,86,8.7,2.3,3
LOG-500401,USR-2243,2024-01-13,Yoga,92,454,15721,111,5.6,1.9,2
LOG-501496,USR-2014,2024-01-13,HIIT,69,817,1611,153,6.6,1.0,2
LOG-503357,USR-2057,2024-01-13,Gym Workout,62,587,6445,171,7.4,0.9,1
LOG-502563,USR-2124,2024-01-13,Cycling,66,512,11266,109,4.7,2.9,5
LOG-500998,USR-2214,2024-01-13,Swimming,52,94,981,102,4.6,3.4,1
LOG-501427,USR-2116,2024-01-13,Cycling,49,485,4650,114,7.3,2.6,1
LOG-501019,USR-2229,2024-01-13,Gym Workout,98,371,10006,128,5.0,2.2,3
LOG-500448,USR-2047,2024-01-13,Yoga,18,154,14768,148,8.3,3.2,2
LOG-502112,USR-2184,2024-01-13,Walking,56,461,6151,161,8.6,2.5,5
LOG-502516,USR-2142,2024-01-13,Swimming,58,628,12665,124,4.6,3.5,1
LOG-500354,USR-2038,2024-01-14,Cycling,51,106,1856,151,4.7,3.8,2
LOG-503491,USR-2200,2024-01-14,Yoga,67,361,12048,80,5.2,3.9,5
LOG-501993,USR-2001,2024-01-14,Gym Workout,96,515,8277,76,8.3,1.9,1
LOG-503050,USR-2148,2024-01-14,Swimming,95,732,9871,104,7.6,2.4,2
LOG-503467,USR-2139,2024-01-14,Swimming,67,296,4665,125,7.5,1.6,2
LOG-500195,USR-2292,2024-01-14,HIIT,63,381,4036,128,7.3,2.4,4
LOG-502938,USR-2152,2024-01-14,Yoga,114,541,16977,153,7.7,2.4,5
LOG-502849,USR-2285,2024-01-14,Running,67,110,4867,126,6.2,3.9,1
LOG-501277,USR-2115,2024-01-14,Swimming,28,344,8859,127,4.5,0.8,1
LOG-503076,USR-2267,2024-01-15,HIIT,100,763,17820,85,4.7,1.0,5
LOG-503107,USR-2126,2024-01-15,Gym Workout,107,409,16022,168,7.0,1.1,1
LOG-501285,USR-2134,2024-01-15,Running,65,374,10230,125,4.5,0.6,3
LOG-501911,USR-2178,2024-01-15,Walking,56,495,5070,126,9.0,3.3,4
LOG-500931,USR-2237,2024-01-15,HIIT,87,394,17679,78,8.6,3.0,5
LOG-501582,USR-2278,2024-01-15,Running,115,399,10416,85,7.8,3.3,1
LOG-503336,USR-2157,2024-01-15,Running,55,858,7715,128,5.6,0.7,2
LOG-500750,USR-2289,2024-01-15,Cycling,53,688,9861,138,4.7,1.4,1
LOG-502686,USR-2092,2024-01-15,HIIT,104,868,14489,131,5.1,2.6,3
LOG-501999,USR-2217,2024-01-15,Swimming,16,179,9010,120,8.0,3.8,3
LOG-501722,USR-2059,2024-01-15,Swimming,31,267,1981,159,7.7,3.4,4
LOG-500767,USR-2216,2024-01-16,Gym Workout,117,329,16191,115,7.9,0.6,2
LOG-503015,USR-2091,2024-01-16,Swimming,19,215,12425,104,7.3,3.5,2
LOG-503120,USR-2288,2024-01-16,Cycling,108,641,568,171,5.9,1.8,2
LOG-502704,USR-2016,2024-01-16,Gym Workout,24,704,16256,145,6.7,1.5,4
LOG-500674,USR-2070,2024-01-16,HIIT,96,123,11110,142,7.4,1.6,4
LOG-501924,USR-2112,2024-01-16,HIIT,100,781,15433,110,8.2,3.7,1
LOG-500962,USR-2139,2024-01-16,Cycling,103,617,8151,92,6.6,2.3,2
LOG-502617,USR-2290,2024-01-16,Cycling,108,164,10222,79,4.3,2.6,4
LOG-502279,USR-2037,2024-01-16,Swimming,29,626,18267,101,4.2,3.1,4
LOG-503403,USR-2075,2024-01-16,Gym Workout,56,566,14338,150,8.0,2.0,3
LOG-502817,USR-2184,2024-01-16,HIIT,112,645,19434,128,7.8,3.8,3
LOG-500632,USR-2241,2024-01-16,Running,117,778,5719,132,6.8,3.1,2
LOG-500608,USR-2185,2024-01-17,Gym Workout,14,496,16088,168,6.4,0.7,5
LOG-502047,USR-2191,2024-01-17,Gym Workout,89,881,10441,155,6.4,0.6,1
LOG-501601,USR-2067,2024-01-17,Swimming,52,416,16415,175,7.5,1.0,5
LOG-500368,USR-2037,2024-01-17,Cycling,53,424,13353,72,5.5,2.0,5
LOG-501827,USR-2274,2024-01-17,HIIT,113,191,7767,104,7.6,1.2,2
LOG-503463,USR-2061,2024-01-17,Walking,94,436,15154,140,6.8,0.7,5
LOG-500170,USR-2099,2024-01-17,Yoga,51,819,1215,144,6.6,1.5,5
LOG-500147,USR-2221,2024-01-17,Gym Workout,116,100,14751,174,4.2,1.8,5
LOG-500167,USR-2091,2024-01-17,Running,113,806,13994,154,5.2,0.6,4
LOG-501831,USR-2019,2024-01-17,HIIT,23,380,7162,129,5.0,3.9,4
LOG-501076,USR-2143,2024-01-17,Yoga,23,217,5490,91,6.9,2.5,1
LOG-502479,USR-2191,2024-01-17,Running,100,332,5539,113,7.3,3.2,2
LOG-502128,USR-2063,2024-01-18,Walking,109,866,10281,112,7.0,3.8,3
LOG-501631,USR-2155,2024-01-18,Gym Workout,106,754,19548,87,5.0,2.2,5
LOG-501423,USR-2292,2024-01-18,Running,109,871,2392,136,4.5,2.3,3
LOG-501183,USR-2148,2024-01-18,Gym Workout,98,444,11466,74,5.6,1.1,4
LOG-501433,USR-2195,2024-01-18,Cycling,34,158,8179,95,5.2,1.8,5
LOG-500159,USR-2244,2024-01-18,HIIT,72,727,18720,139,5.1,0.7,1
LOG-502343,USR-2172,2024-01-19,Swimming,35,815,4026,167,6.4,1.0,4
LOG-502319,USR-2082,2024-01-19,Gym Workout,95,792,7277,116,7.3,0.6,1
LOG-500740,USR-2108,2024-01-19,Gym Workout,106,844,8403,81,7.2,1.1,4
LOG-503095,USR-2204,2024-01-19,Yoga,44,595,5559,137,7.4,0.6,1
LOG-500941,USR-2027,2024-01-19,Walking,95,869,9158,163,6.9,0.6,3
LOG-501756,USR-2133,2024-01-19,Cycling,44,97,1346,84,8.5,3.0,3
LOG-501186,USR-2084,2024-01-19,Swimming,59,894,8639,179,7.0,2.4,1
LOG-502308,USR-2172,2024-01-20,Yoga,46,539,1995,145,4.7,3.0,3
LOG-501470,USR-2291,2024-01-20,Gym Workout,77,262,13282,172,4.2,3.8,3
LOG-501298,USR-2290,2024-01-20,Yoga,76,669,1719,148,6.6,3.8,5
LOG-502625,USR-2062,2024-01-20,Running,80,477,13873,177,6.1,1.7,4
LOG-502076,USR-2180,2024-01-20,Running,48,248,18440,118,6.9,3.2,3
LOG-500666,USR-2206,2024-01-20,Swimming,13,205,14389,115,4.5,0.7,5
LOG-500719,USR-2184,2024-01-20,Yoga,13,805,1732,170,5.0,2.7,5
LOG-500272,USR-2180,2024-01-20,Running,101,498,18682,160,4.8,2.4,4
LOG-500574,USR-2186,2024-01-20,Gym Workout,20,248,3024,146,5.1,1.9,3
LOG-503021,USR-2264,2024-01-20,Yoga,76,507,10452,82,6.7,0.6,5
LOG-500120,USR-2193,2024-01-21,Gym Workout,44,687,1105,74,6.7,3.9,3
LOG-503290,USR-2180,2024-01-21,Cycling,37,671,11374,150,6.6,0.9,4
LOG-500803,USR-2158,2024-01-21,Running,107,87,2371,146,5.8,2.5,4
LOG-503072,USR-2027,2024-01-21,Running,68,206,9341,74,6.6,1.0,1
LOG-501154,USR-2138,2024-01-21,Running,51,136,4746,108,8.6,2.6,5
LOG-500950,USR-2295,2024-01-21,Cycling,119,191,10552,158,6.2,2.2,4
LOG-500530,USR-2002,2024-01-21,Gym Workout,20,321,13454,115,7.5,3.2,3
LOG-502045,USR-2211,2024-01-21,Gym Workout,42,202,12539,93,9.0,3.7,3
LOG-500983,USR-2001,2024-01-21,Yoga,64,139,3853,90,4.1,3.3,3
LOG-501202,USR-2074,2024-01-22,HIIT,98,188,5168,118,5.9,2.2,2
LOG-502039,USR-2083,2024-01-22,Swimming,111,486,8928,139,7.6,2.1,1
LOG-500176,USR-2205,2024-01-22,Running,102,102,5603,91,5.3,1.6,1
LOG-502538,USR-2161,2024-01-22,Yoga,57,683,19023,87,8.2,0.7,5
LOG-503191,USR-2061,2024-01-22,HIIT,112,72,6486,76,6.6,1.8,3
LOG-501675,USR-2045,2024-01-22,Swimming,61,519,6988,170,5.7,2.5,5
LOG-502530,USR-2254,2024-01-22,Swimming,86,546,9544,109,4.4,0.7,3
LOG-503074,USR-2197,2024-01-22,Cycling,59,790,4967,108,8.3,1.7,5
LOG-500825,USR-2242,2024-01-23,Yoga,119,608,19795,162,7.5,3.3,5
LOG-503147,USR-2201,2024-01-23,Gym Workout,113,340,3381,141,7.1,0.9,1
LOG-502305,USR-2122,2024-01-23,HIIT,94,79,16024,73,4.6,2.2,2
LOG-503164,USR-2113,2024-01-23,Yoga,20,633,2694,104,8.9,1.8,1
LOG-500591,USR-2147,2024-01-23,Gym Workout,119,76,3463,70,8.1,1.7,5
LOG-502815,USR-2116,2024-01-23,Running,68,765,2924,102,8.8,1.0,1
LOG-500047,USR-2287,2024-01-23,Swimming,31,552,15147,112,8.7,1.6,5
LOG-500015,USR-2282,2024-01-23,HIIT,51,890,7359,140,7.5,3.1,4
LOG-502021,USR-2066,2024-01-23,Gym Workout,30,686,13954,152,6.8,1.1,1
LOG-501042,USR-2297,2024-01-23,Walking,14,553,5891,163,8.6,2.9,3
LOG-502393,USR-2093,2024-01-24,Running,12,656,10362,90,7.8,2.2,2
LOG-502997,USR-2130,2024-01-24,Running,102,607,15188,167,4.1,2.6,3
LOG-500907,USR-2143,2024-01-24,Cycling,52,56,15595,160,4.2,0.9,2
LOG-501898,USR-2009,2024-01-24,Yoga,91,769,879,97,7.2,3.1,4
LOG-501311,USR-2225,2024-01-24,Swimming,20,620,2942,87,5.9,2.4,1
LOG-501172,USR-2139,2024-01-24,Gym Workout,106,534,11862,127,6.0,3.8,4
LOG-500301,USR-2251,2024-01-24,Gym Workout,62,857,8800,141,7.1,1.8,4
LOG-501135,USR-2071,2024-01-24,Gym Workout,11,870,7008,86,5.9,3.5,1
LOG-501894,USR-2096,2024-01-25,HIIT,62,524,4424,99,5.2,0.9,3
LOG-501725,USR-2257,2024-01-25,Cycling,13,565,7383,74,6.4,2.3,4
LOG-500102,USR-2024,2024-01-25,Running,77,240,18618,174,6.2,2.1,2
LOG-502622,USR-2076,2024-01-25,Running,76,810,6361,75,7.2,3.7,5
LOG-500667,USR-2161,2024-01-25,Walking,24,676,2720,143,6.0,2.7,5
LOG-500869,USR-2129,2024-01-25,HIIT,42,479,14702,152,4.5,2.7,4
LOG-500079,USR-2279,2024-01-25,HIIT,15,396,12720,178,8.0,0.9,1
LOG-501506,USR-2268,2024-01-25,HIIT,49,685,12431,94,8.5,3.3,3
LOG-503139,USR-2053,2024-01-25,Running,117,294,9580,161,7.2,2.5,3
LOG-501853,USR-2027,2024-01-25,Yoga,85,86,1259,89,6.7,1.4,2
LOG-503401,USR-2095,2024-01-26,Yoga,85,503,8788,88,7.0,3.4,4
LOG-500649,USR-2187,2024-01-26,Walking,70,869,8718,99,6.1,1.4,4
LOG-502812,USR-2232,2024-01-26,Gym Workout,71,272,4577,73,8.3,0.5,2
LOG-501369,USR-2156,2024-01-26,Walking,93,409,8816,114,6.1,2.0,2
LOG-502195,USR-2086,2024-01-26,Cycling,47,395,15223,92,6.7,1.0,1
LOG-500595,USR-2262,2024-01-26,HIIT,32,294,9847,128,7.8,2.6,4
LOG-501990,USR-2040,2024-01-26,Swimming,109,91,5873,121,6.9,3.4,1
LOG-500576,USR-2049,2024-01-26,Gym Workout,12,543,19360,127,5.5,2.5,2
LOG-502529,USR-2063,2024-01-27,Walking,60,497,3761,158,6.2,2.7,5
LOG-503158,USR-2032,2024-01-27,HIIT,52,790,12851,104,4.9,2.2,3
LOG-503265,USR-2298,2024-01-27,Gym Workout,45,540,9497,110,7.5,2.2,4
LOG-501744,USR-2054,2024-01-27,Swimming,110,805,6948,127,4.5,3.2,1
LOG-502860,USR-2294,2024-01-27,Walking,116,527,8750,148,8.8,3.5,3
LOG-501887,USR-2171,2024-01-27,Running,45,229,3669,143,5.0,0.7,4
LOG-500613,USR-2020,2024-01-27,Gym Workout,34,587,4509,170,5.2,2.7,5
LOG-500362,USR-2049,2024-01-27,Cycling,62,668,10067,173,7.7,2.0,3
LOG-501603,USR-2205,2024-01-27,Running,13,238,3691,87,8.2,2.4,5
LOG-500049,USR-2192,2024-01-28,Running,90,122,6110,73,4.0,3.0,2
LOG-501379,USR-2221,2024-01-28,HIIT,50,713,18368,97,8.3,0.7,2
LOG-500235,USR-2279,2024-01-28,HIIT,105,148,9870,106,4.4,2.5,2
LOG-501428,USR-2197,2024-01-28,Walking,28,389,12508,123,7.6,3.0,4
LOG-502286,USR-2230,2024-01-28,HIIT,103,636,6429,177,7.8,1.6,1
LOG-503010,USR-2073,2024-01-28,Gym Workout,81,322,19524,172,4.6,3.7,2
LOG-501344,USR-2185,2024-01-28,Gym Workout,51,521,10456,168,5.9,1.7,3
LOG-501332,USR-2205,2024-01-28,Yoga,95,383,16662,72,6.4,1.1,3
LOG-502569,USR-2052,2024-01-28,Swimming,103,72,12402,104,5.6,0.8,1
LOG-501612,USR-2148,2024-01-28,HIIT,11,724,1134,76,6.6,3.5,3
LOG-500773,USR-2159,2024-01-29,Cycling,32,422,826,113,6.5,1.6,1
LOG-503377,USR-2277,2024-01-29,Walking,27,400,1629,144,9.0,3.3,1
LOG-502568,USR-2085,2024-01-29,Swimming,65,716,16941,109,7.0,3.4,3
LOG-502003,USR-2010,2024-01-29,Swimming,99,407,5412,96,4.1,0.8,4
LOG-500729,USR-2206,2024-01-29,Cycling,100,648,18235,142,6.8,4.0,5
LOG-501683,USR-2263,2024-01-29,HIIT,77,587,4337,74,4.6,2.3,1
LOG-503067,USR-2227,2024-01-29,HIIT,59,571,7995,75,6.5,2.8,2
LOG-500906,USR-2046,2024-01-29,Yoga,104,226,3040,105,6.5,3.9,5
LOG-501771,USR-2156,2024-01-29,HIIT,101,822,12129,133,7.1,2.4,2
LOG-500754,USR-2022,2024-01-29,Yoga,74,58,4004,156,6.1,1.0,4
LOG-501103,USR-2180,2024-01-30,Swimming,78,67,4884,129,8.8,1.2,5
LOG-501263,USR-2244,2024-01-30,HIIT,49,372,17992,166,8.7,0.6,4
LOG-502668,USR-2105,2024-01-30,Walking,48,188,16256,148,7.5,3.5,2
LOG-502036,USR-2008,2024-01-30,Swimming,64,588,5859,104,6.3,1.7,4
LOG-501304,USR-2079,2024-01-30,Cycling,71,711,5839,154,8.7,3.0,5
LOG-501436,USR-2206,2024-01-30,Swimming,73,53,2348,91,4.8,1.8,1
LOG-503438,USR-2207,2024-01-30,Running,27,149,14636,153,4.6,3.8,3
LOG-502348,USR-2001,2024-01-30,Running,89,627,5028,103,5.8,1.4,1
LOG-503108,USR-2005,2024-01-30,HIIT,112,509,8936,149,4.6,1.9,1
LOG-503024,USR-2213,2024-01-30,Swimming,47,272,8209,102,5.1,1.3,4
LOG-500117,USR-2213,2024-01-30,Walking,32,85,19150,110,4.6,3.2,4
LOG-502408,USR-2265,2024-01-30,HIIT,81,217,7686,82,6.2,2.3,2
LOG-502312,USR-2251,2024-01-30,Yoga,43,248,19226,75,7.3,2.7,4
LOG-502303,USR-2283,2024-01-30,Cycling,38,232,9533,176,7.4,3.3,5
LOG-501161,USR-2017,2024-01-30,Walking,108,220,8562,142,4.1,0.9,1
LOG-503267,USR-2060,2024-01-30,Swimming,102,361,2470,126,6.6,1.2,3
LOG-502347,USR-2153,2024-01-31,Yoga,70,335,6826,172,8.8,2.2,1
LOG-501562,USR-2257,2024-01-31,Swimming,111,327,15470,141,6.6,3.6,3
LOG-503249,USR-2124,2024-01-31,Walking,11,821,2609,144,8.1,3.3,3
LOG-501479,USR-2082,2024-01-31,Yoga,90,435,18839,102,7.6,2.1,3
LOG-500160,USR-2010,2024-01-31,Yoga,51,123,17161,90,5.3,4.0,1
LOG-502828,USR-2252,2024-01-31,Yoga,105,808,10882,138,8.2,3.0,2
LOG-500604,USR-2154,2024-01-31,Running,88,534,19937,116,8.3,3.6,1
LOG-502391,USR-2021,2024-01-31,HIIT,92,844,9462,117,7.8,1.6,5
LOG-500743,USR-2039,2024-01-31,Running,70,437,19634,123,5.6,2.5,3
LOG-501210,USR-2287,2024-02-01,Swimming,71,511,4451,87,7.1,0.9,2
LOG-502099,USR-2112,2024-02-01,Gym Workout,59,782,11590,174,7.9,1.4,4
LOG-501204,USR-2235,2024-02-01,Gym Workout,64,159,2270,112,5.5,2.2,1
LOG-501320,USR-2202,2024-02-01,Swimming,17,439,15362,177,8.4,0.8,4
LOG-501116,USR-2252,2024-02-01,Swimming,82,337,10860,79,6.1,2.2,3
LOG-502192,USR-2282,2024-02-01,Running,34,687,14481,153,7.3,1.4,3
LOG-502827,USR-2117,2024-02-01,Walking,29,244,11332,167,5.0,0.8,4
LOG-501544,USR-2290,2024-02-01,HIIT,47,253,12879,117,7.1,2.4,1
LOG-500957,USR-2123,2024-02-01,HIIT,100,214,2558,70,4.2,2.2,5
LOG-501651,USR-2215,2024-02-01,Swimming,53,56,17358,82,7.6,3.9,2
LOG-502253,USR-2096,2024-02-01,Walking,83,268,19523,139,6.2,0.5,4
LOG-502009,USR-2029,2024-02-02,Yoga,117,144,4210,154,5.2,1.1,1
LOG-503203,USR-2195,2024-02-02,Running,117,711,9084,84,6.6,3.6,2
LOG-501315,USR-2101,2024-02-02,HIIT,50,451,2552,121,5.1,0.8,5
LOG-500306,USR-2094,2024-02-02,Swimming,51,467,17602,157,8.5,2.2,3
LOG-501906,USR-2234,2024-02-02,Walking,37,70,1196,147,4.5,3.3,3
LOG-502339,USR-2224,2024-02-02,Cycling,61,606,16773,143,7.0,1.8,2
LOG-502335,USR-2205,2024-02-02,Gym Workout,26,80,19328,146,5.9,1.0,5
LOG-501083,USR-2235,2024-02-02,Walking,62,263,17644,131,8.9,2.1,4
LOG-501885,USR-2061,2024-02-02,Gym Workout,86,827,11021,135,5.8,1.6,5
LOG-502901,USR-2209,2024-02-02,HIIT,31,240,14966,75,6.5,1.6,3
LOG-501760,USR-2012,2024-02-02,Running,48,433,6534,81,7.2,3.9,4
LOG-501375,USR-2281,2024-02-02,Running,57,766,6699,174,7.6,2.7,4
LOG-500733,USR-2126,2024-02-02,Swimming,89,555,10750,123,5.2,0.9,3
LOG-503173,USR-2059,2024-02-02,HIIT,86,499,12650,153,8.8,2.8,1
LOG-503219,USR-2229,2024-02-02,Cycling,72,71,8036,86,5.5,1.8,2
LOG-501919,USR-2273,2024-02-02,Gym Workout,97,814,5283,171,4.2,2.8,4
LOG-503132,USR-2112,2024-02-02,Running,57,343,14389,176,5.6,0.5,3
LOG-502934,USR-2080,2024-02-03,Cycling,79,842,4193,165,5.2,2.6,3
LOG-501429,USR-2200,2024-02-03,Yoga,20,589,11843,122,5.9,2.6,4
LOG-503060,USR-2079,2024-02-03,Gym Workout,118,662,17859,126,5.7,0.9,3
LOG-502946,USR-2024,2024-02-03,Running,116,538,2657,73,4.4,1.6,5
LOG-501109,USR-2009,2024-02-03,Swimming,70,769,18797,149,5.0,0.9,3
LOG-502169,USR-2021,2024-02-04,Walking,91,308,10699,112,8.8,2.4,1
LOG-502500,USR-2124,2024-02-04,Swimming,90,634,10428,119,6.6,1.5,1
LOG-500224,USR-2030,2024-02-05,Running,117,50,6082,97,4.9,1.8,5
LOG-500146,USR-2102,2024-02-05,Walking,110,650,2069,169,7.7,3.7,5
LOG-502753,USR-2261,2024-02-05,Gym Workout,57,626,13016,108,4.6,2.5,4
LOG-501483,USR-2145,2024-02-05,HIIT,94,570,17219,127,4.5,1.5,4
LOG-503382,USR-2133,2024-02-05,Gym Workout,12,440,15182,137,7.4,3.6,1
LOG-503493,USR-2099,2024-02-05,Walking,22,298,15473,103,6.8,3.5,3
LOG-502975,USR-2219,2024-02-05,Gym Workout,65,883,18947,95,5.1,3.2,2
LOG-500078,USR-2197,2024-02-05,Swimming,96,345,10901,130,7.8,2.5,1
LOG-501872,USR-2230,2024-02-06,Running,83,88,1597,146,8.3,1.8,1
LOG-501468,USR-2144,2024-02-06,Running,80,350,12826,119,5.6,0.9,4
LOG-501736,USR-2201,2024-02-06,Swimming,32,459,1737,111,6.2,1.7,3
LOG-500622,USR-2145,2024-02-06,Swimming,43,413,10167,143,6.6,2.7,3
LOG-501124,USR-2054,2024-02-06,Swimming,110,713,14438,128,4.2,3.2,5
LOG-503484,USR-2103,2024-02-06,Running,23,436,14543,106,6.6,1.6,5
LOG-500914,USR-2266,2024-02-06,Yoga,82,623,15025,171,7.6,2.5,2
LOG-502996,USR-2010,2024-02-06,HIIT,96,273,7547,132,4.3,0.7,2
LOG-502736,USR-2062,2024-02-06,Swimming,97,765,18442,154,5.7,3.0,1
LOG-501703,USR-2140,2024-02-06,Cycling,88,278,1643,159,7.8,2.8,5
LOG-502908,USR-2106,2024-02-06,Gym Workout,68,832,19746,100,4.9,3.1,5
LOG-501805,USR-2049,2024-02-07,Yoga,116,182,12472,96,5.4,2.7,5
LOG-501241,USR-2173,2024-02-07,HIIT,15,235,7783,105,4.8,1.6,3
LOG-503370,USR-2212,2024-02-07,Yoga,19,628,4101,102,8.7,1.3,3
LOG-501615,USR-2265,2024-02-07,Gym Workout,72,358,7456,138,5.8,3.1,3
LOG-500276,USR-2006,2024-02-07,Cycling,38,322,2052,149,8.4,3.8,3
LOG-500871,USR-2084,2024-02-07,Walking,95,896,13953,178,8.6,3.2,1
LOG-503457,USR-2078,2024-02-08,Walking,45,374,2809,131,5.4,3.5,2
LOG-503172,USR-2230,2024-02-08,Gym Workout,14,716,1527,121,5.4,3.2,4
LOG-502205,USR-2228,2024-02-08,HIIT,63,607,12531,128,7.2,1.8,1
LOG-500822,USR-2002,2024-02-08,Walking,103,640,13058,83,7.0,3.3,2
LOG-502154,USR-2139,2024-02-08,Swimming,104,413,4770,121,6.5,1.1,2
LOG-502399,USR-2070,2024-02-08,Gym Workout,76,220,19109,138,6.9,1.2,1
LOG-500391,USR-2271,2024-02-08,Walking,108,794,1233,139,8.2,2.3,4
LOG-501283,USR-2120,2024-02-08,Running,51,456,14546,148,6.7,2.2,1
LOG-502770,USR-2227,2024-02-08,Yoga,66,238,18173,108,4.2,3.4,3
LOG-500847,USR-2158,2024-02-09,HIIT,87,734,5554,148,7.7,2.7,4
LOG-502011,USR-2283,2024-02-09,HIIT,110,420,16684,107,5.4,1.9,5
LOG-501749,USR-2101,2024-02-09,Gym Workout,17,825,14025,105,6.4,2.2,2
LOG-500987,USR-2181,2024-02-09,HIIT,99,897,7347,165,8.2,2.8,4
LOG-503452,USR-2006,2024-02-09,Running,33,674,11695,84,5.4,1.6,2
LOG-501254,USR-2049,2024-02-09,Running,60,202,3969,100,5.9,2.8,2
LOG-501322,USR-2124,2024-02-09,Walking,75,894,985,99,8.6,2.6,1
LOG-500132,USR-2136,2024-02-09,Running,113,346,6484,153,4.7,2.8,3
LOG-501412,USR-2152,2024-02-09,Walking,41,770,18829,123,7.7,3.9,3
LOG-500189,USR-2235,2024-02-09,Walking,118,692,19260,176,5.3,2.2,1
LOG-502593,USR-2117,2024-02-09,Walking,101,486,1869,135,6.7,2.6,3
LOG-502359,USR-2251,2024-02-09,Gym Workout,33,221,19781,135,8.9,2.6,3
LOG-502042,USR-2040,2024-02-10,Cycling,46,611,11674,134,8.8,1.9,1
LOG-500341,USR-2283,2024-02-10,Running,35,531,8166,143,8.5,2.1,5
LOG-503214,USR-2064,2024-02-10,Swimming,111,190,6319,149,4.9,2.2,4
LOG-501965,USR-2233,2024-02-10,HIIT,44,183,685,103,4.6,3.8,3
LOG-502356,USR-2105,2024-02-10,HIIT,119,558,13905,148,4.8,2.3,5
LOG-501376,USR-2076,2024-02-10,Swimming,55,818,19319,154,7.0,2.0,3
LOG-502096,USR-2138,2024-02-10,Running,29,478,3478,93,4.1,4.0,4
LOG-503374,USR-2019,2024-02-10,HIIT,30,238,7371,150,4.3,0.8,1
LOG-501983,USR-2079,2024-02-10,Swimming,23,870,19948,79,6.8,4.0,5
LOG-503097,USR-2181,2024-02-10,HIIT,59,732,11337,87,7.9,1.6,4
LOG-502140,USR-2299,2024-02-10,Running,64,643,648,107,5.0,2.6,1
LOG-503023,USR-2213,2024-02-11,Running,74,378,16095,118,8.0,1.9,2
LOG-501584,USR-2294,2024-02-11,Gym Workout,106,796,3680,169,8.5,1.4,5
LOG-501098,USR-2203,2024-02-11,Swimming,72,442,6628,75,4.7,3.1,2
LOG-502705,USR-2055,2024-02-11,Cycling,74,605,10924,86,7.1,0.7,2
LOG-503248,USR-2158,2024-02-11,Swimming,45,501,2798,156,5.4,3.4,2
LOG-500451,USR-2083,2024-02-11,Running,90,863,10332,110,8.8,3.5,3
LOG-501578,USR-2202,2024-02-12,Yoga,110,799,4068,173,6.0,2.0,3
LOG-500802,USR-2215,2024-02-12,HIIT,81,368,4410,145,4.4,2.1,3
LOG-501231,USR-2211,2024-02-12,Cycling,40,602,17008,130,9.0,1.0,2
LOG-500263,USR-2126,2024-02-12,HIIT,104,503,17523,134,8.7,2.3,2
LOG-500727,USR-2239,2024-02-12,Swimming,27,847,13443,99,4.6,1.2,3
LOG-503245,USR-2083,2024-02-12,Gym Workout,104,468,6711,105,8.5,3.5,4
LOG-502655,USR-2033,2024-02-12,HIIT,74,502,1172,145,6.2,3.7,3
LOG-503154,USR-2126,2024-02-12,Running,110,541,12089,92,6.8,3.7,4
LOG-501279,USR-2245,2024-02-12,Gym Workout,53,267,12337,113,7.5,3.8,4
LOG-500403,USR-2278,2024-02-12,Running,84,895,17098,125,5.2,3.5,3
LOG-500032,USR-2087,2024-02-12,Gym Workout,34,163,8795,99,4.6,3.6,4
LOG-500607,USR-2143,2024-02-13,HIIT,86,177,5785,140,5.0,3.8,5
LOG-501219,USR-2070,2024-02-13,Walking,29,187,3408,70,6.1,2.7,3
LOG-502589,USR-2025,2024-02-13,Walking,65,868,16642,99,4.2,0.8,5
LOG-502929,USR-2113,2024-02-13,Yoga,96,470,13622,127,5.3,2.0,4
LOG-502841,USR-2030,2024-02-13,Swimming,23,451,11132,76,7.3,3.2,4
LOG-502535,USR-2162,2024-02-13,Yoga,98,773,9664,137,5.3,3.0,1
LOG-500002,USR-2018,2024-02-13,Yoga,78,313,7970,136,4.6,1.4,3
LOG-503373,USR-2288,2024-02-13,Yoga,18,146,1771,118,6.2,3.9,1
LOG-501709,USR-2124,2024-02-13,Cycling,30,222,7346,139,7.4,1.7,3
LOG-502921,USR-2096,2024-02-14,Yoga,38,692,19305,70,5.1,2.9,3
LOG-500299,USR-2217,2024-02-14,Cycling,118,481,6114,108,7.0,1.0,5
LOG-501576,USR-2052,2024-02-14,Walking,115,416,12306,174,8.8,3.3,4
LOG-503302,USR-2211,2024-02-14,Yoga,12,847,15345,164,7.1,3.9,3
LOG-500538,USR-2164,2024-02-14,Swimming,77,123,3556,106,4.8,2.3,4
LOG-501613,USR-2279,2024-02-14,Yoga,34,234,14374,81,8.6,2.1,5
LOG-501173,USR-2248,2024-02-14,Running,115,475,4758,82,4.2,2.4,4
LOG-502119,USR-2252,2024-02-15,Yoga,101,310,19843,154,6.9,2.5,2
LOG-503026,USR-2161,2024-02-15,Yoga,22,397,16068,137,8.0,0.5,3
LOG-502442,USR-2271,2024-02-15,Running,63,313,18743,93,6.4,1.7,3
LOG-501518,USR-2208,2024-02-15,Cycling,63,630,1544,171,4.4,1.9,4
LOG-502004,USR-2085,2024-02-15,Walking,63,193,14268,90,8.0,2.9,2
LOG-500854,USR-2273,2024-02-15,HIIT,87,352,4985,162,4.6,3.5,4
LOG-503250,USR-2135,2024-02-15,Walking,10,732,9063,110,5.3,3.3,1
LOG-501247,USR-2003,2024-02-15,Cycling,64,677,4757,98,7.8,3.1,4
LOG-503418,USR-2242,2024-02-15,Cycling,83,607,15777,149,7.7,2.9,3
LOG-501541,USR-2087,2024-02-15,Swimming,99,736,11964,179,7.3,0.8,5
LOG-502932,USR-2274,2024-02-15,Cycling,90,865,5778,81,5.6,3.9,3
LOG-501798,USR-2122,2024-02-16,HIIT,40,647,7345,106,4.4,1.3,4
LOG-501068,USR-2070,2024-02-16,Gym Workout,112,659,17223,176,8.9,3.9,4
LOG-502262,USR-2277,2024-02-16,Cycling,24,160,18784,177,6.7,3.4,3
LOG-501092,USR-2245,2024-02-16,Gym Workout,55,75,1370,158,7.6,1.6,4
LOG-501257,USR-2131,2024-02-16,Running,56,441,11358,79,6.0,1.3,1
LOG-503068,USR-2182,2024-02-16,Cycling,83,504,7530,80,7.0,2.4,5
LOG-500974,USR-2238,2024-02-16,Yoga,18,818,16294,141,4.2,2.5,3
LOG-502020,USR-2211,2024-02-16,Gym Workout,25,569,9105,79,8.1,1.5,2
LOG-503460,USR-2267,2024-02-17,Cycling,117,143,3307,131,8.5,1.7,4
LOG-502881,USR-2098,2024-02-17,Walking,84,531,17885,105,5.3,2.2,4
LOG-500121,USR-2101,2024-02-17,Cycling,72,800,15938,92,5.4,2.9,3
LOG-502581,USR-2106,2024-02-17,Yoga,21,290,2093,101,4.9,1.7,5
LOG-501642,USR-2056,2024-02-17,Swimming,42,873,3955,151,6.5,0.8,4
LOG-502803,USR-2266,2024-02-17,Swimming,84,730,11734,73,8.4,2.4,5
LOG-501751,USR-2244,2024-02-17,Cycling,99,635,13997,149,4.9,1.8,4
LOG-500304,USR-2109,2024-02-17,Walking,57,259,10068,75,6.3,3.3,4
LOG-502147,USR-2119,2024-02-17,Cycling,94,136,8480,134,4.3,3.5,3
LOG-500811,USR-2227,2024-02-17,Yoga,48,774,1558,131,5.6,3.3,5
LOG-501253,USR-2125,2024-02-17,Swimming,43,717,18925,179,8.1,1.3,2
LOG-500265,USR-2126,2024-02-18,Cycling,83,432,2860,99,4.7,3.7,5
LOG-500879,USR-2124,2024-02-18,Cycling,60,362,14081,153,8.0,2.5,1
LOG-502930,USR-2243,2024-02-18,Running,84,472,11702,123,6.0,2.0,2
LOG-501663,USR-2220,2024-02-18,HIIT,79,849,8831,142,4.6,3.9,3
LOG-502194,USR-2199,2024-02-19,Cycling,76,145,7299,116,6.0,1.0,2
LOG-502811,USR-2109,2024-02-19,Gym Workout,11,165,12432,143,9.0,1.7,4
LOG-503285,USR-2289,2024-02-19,Gym Workout,14,882,16914,135,8.6,3.0,2
LOG-503109,USR-2186,2024-02-19,Cycling,11,770,9246,77,7.0,1.7,4
LOG-501102,USR-2154,2024-02-19,Gym Workout,97,846,4238,108,6.5,0.8,1
LOG-501006,USR-2202,2024-02-19,Yoga,49,171,18012,78,7.0,2.2,2
LOG-503157,USR-2090,2024-02-19,Gym Workout,62,246,13588,95,7.8,1.9,1
LOG-501336,USR-2291,2024-02-19,Running,48,421,19854,111,4.2,3.5,5
LOG-502477,USR-2268,2024-02-19,HIIT,82,526,13264,155,8.3,3.9,3
LOG-502645,USR-2011,2024-02-20,Cycling,51,102,19682,168,5.7,1.0,5
LOG-500548,USR-2259,2024-02-20,Cycling,82,307,17964,124,4.7,3.2,5
LOG-501305,USR-2202,2024-02-20,Cycling,73,875,9480,93,5.4,2.9,5
LOG-501079,USR-2294,2024-02-20,HIIT,66,321,18394,113,6.7,3.2,1
LOG-502032,USR-2131,2024-02-20,Yoga,116,70,10875,89,4.3,3.6,3
LOG-501839,USR-2051,2024-02-20,Running,18,408,17757,125,5.7,2.8,2
LOG-500513,USR-2187,2024-02-20,Running,88,179,16584,138,6.6,1.0,4
LOG-500698,USR-2107,2024-02-20,Cycling,83,694,17190,132,4.5,1.5,4
LOG-501367,USR-2042,2024-02-20,Walking,29,223,1223,138,4.8,1.9,4
LOG-502751,USR-2161,2024-02-20,Gym Workout,30,313,18994,152,8.2,3.1,3
LOG-502455,USR-2089,2024-02-20,Swimming,21,568,19680,107,6.1,1.6,4
LOG-500426,USR-2039,2024-02-20,HIIT,33,553,13597,147,8.8,3.1,2
LOG-500455,USR-2215,2024-02-20,Swimming,58,356,1680,96,6.4,1.2,1
LOG-501211,USR-2168,2024-02-21,HIIT,64,617,7898,152,4.7,2.5,3
LOG-502899,USR-2180,2024-02-21,Swimming,23,576,9844,165,7.2,1.8,5
LOG-501658,USR-2248,2024-02-21,Gym Workout,119,686,13532,105,8.6,2.2,4
LOG-501222,USR-2054,2024-02-21,Cycling,29,168,1184,88,4.3,2.7,5
LOG-501750,USR-2089,2024-02-21,Swimming,17,563,19909,152,8.0,3.0,1
LOG-502382,USR-2226,2024-02-21,HIIT,25,839,14595,77,8.9,3.2,5
LOG-500292,USR-2062,2024-02-21,Walking,39,662,1209,161,8.7,0.9,5
LOG-500558,USR-2062,2024-02-22,Gym Workout,23,62,12253,160,6.4,0.9,3
LOG-503258,USR-2252,2024-02-22,Cycling,23,394,2766,145,5.0,1.0,3
LOG-501593,USR-2293,2024-02-22,HIIT,108,652,5059,71,5.1,1.1,1
LOG-502940,USR-2062,2024-02-22,Yoga,41,835,1000,96,8.6,1.4,5
LOG-502075,USR-2191,2024-02-22,Yoga,67,471,3610,117,5.5,2.1,4
LOG-503288,USR-2045,2024-02-22,Running,69,830,11830,158,4.1,0.5,5
LOG-502911,USR-2094,2024-02-22,Yoga,95,274,4999,151,4.8,1.2,2
LOG-502043,USR-2142,2024-02-22,Gym Workout,81,230,926,94,6.1,2.1,3
LOG-500077,USR-2137,2024-02-22,Swimming,99,154,18133,145,5.1,1.3,5
LOG-502163,USR-2111,2024-02-22,Swimming,29,215,18350,98,5.3,3.7,4
LOG-503476,USR-2096,2024-02-22,Swimming,81,832,8611,89,4.5,0.8,5
LOG-500679,USR-2131,2024-02-22,Cycling,33,152,8024,150,6.3,1.7,2
LOG-500457,USR-2007,2024-02-22,Gym Workout,22,764,10243,110,5.8,1.0,5
LOG-503465,USR-2239,2024-02-23,HIIT,65,137,16149,154,4.6,2.4,3
LOG-503349,USR-2157,2024-02-23,Running,51,350,726,164,5.3,2.9,4
LOG-501363,USR-2127,2024-02-23,Walking,27,261,11601,88,7.9,1.8,3
LOG-500614,USR-2033,2024-02-23,HIIT,58,367,6930,135,6.1,0.5,4
LOG-503455,USR-2019,2024-02-23,Walking,12,405,6941,72,4.3,0.6,2
LOG-500053,USR-2110,2024-02-23,HIIT,30,806,3957,78,5.9,1.9,3
LOG-500491,USR-2076,2024-02-23,Gym Workout,51,161,9686,115,6.2,1.6,4
LOG-502619,USR-2151,2024-02-23,Yoga,102,153,8698,79,8.2,3.4,5
LOG-503133,USR-2000,2024-02-23,Gym Workout,40,803,5140,113,7.9,2.8,4
LOG-500952,USR-2245,2024-02-23,HIIT,46,483,12487,112,8.3,3.2,2
LOG-503308,USR-2144,2024-02-23,Yoga,16,736,18696,161,5.1,1.7,3
LOG-503246,USR-2114,2024-02-23,Swimming,20,673,13116,179,5.4,1.7,1
LOG-500282,USR-2261,2024-02-24,Swimming,16,709,10418,133,4.6,2.7,3
LOG-502212,USR-2170,2024-02-24,Cycling,33,198,615,135,4.5,1.8,5
LOG-503415,USR-2049,2024-02-24,Cycling,64,667,14751,122,4.0,2.7,3
LOG-501138,USR-2028,2024-02-24,Cycling,12,706,6520,154,4.6,2.5,5
LOG-501441,USR-2114,2024-02-24,Yoga,29,618,2689,168,7.0,3.8,2
LOG-501607,USR-2275,2024-02-24,Yoga,85,621,18269,179,7.3,3.9,4
LOG-501515,USR-2262,2024-02-24,Running,53,160,11805,76,4.7,3.1,5
LOG-502741,USR-2032,2024-02-24,Walking,112,637,3947,86,8.0,1.6,1
LOG-502031,USR-2146,2024-02-24,Walking,69,564,12859,121,7.7,2.7,4
LOG-501891,USR-2126,2024-02-24,Walking,25,721,10377,91,8.3,0.8,1
LOG-500851,USR-2256,2024-02-24,Running,53,64,8018,146,4.3,0.9,2
LOG-502000,USR-2282,2024-02-24,Gym Workout,37,125,15244,169,9.0,4.0,1
LOG-501045,USR-2192,2024-02-24,Running,35,800,18965,113,4.5,2.7,3
LOG-502559,USR-2070,2024-02-24,Running,32,395,6919,151,9.0,3.1,3
LOG-501233,USR-2141,2024-02-25,Gym Workout,52,174,6329,96,7.4,4.0,5
LOG-501153,USR-2131,2024-02-25,Walking,41,866,14563,160,5.8,2.9,4
LOG-501868,USR-2187,2024-02-25,Walking,16,268,2636,178,6.0,0.7,5
LOG-503340,USR-2186,2024-02-25,Walking,42,146,866,98,7.1,3.2,5
LOG-501424,USR-2069,2024-02-25,HIIT,118,257,7997,150,8.5,1.8,2
LOG-502989,USR-2030,2024-02-25,Walking,89,463,14001,89,6.7,2.8,5
LOG-500772,USR-2126,2024-02-25,Walking,65,327,12218,106,6.6,2.3,2
LOG-502284,USR-2103,2024-02-25,Running,116,335,11254,128,7.3,2.8,5
LOG-502810,USR-2169,2024-02-25,Walking,83,593,13794,121,8.3,2.7,1
LOG-502309,USR-2233,2024-02-25,Gym Workout,98,156,11326,117,8.3,0.5,5
LOG-500279,USR-2095,2024-02-26,Swimming,30,427,14647,168,6.0,3.6,2
LOG-500446,USR-2101,2024-02-26,Swimming,49,681,5588,152,7.7,2.7,3
LOG-503011,USR-2232,2024-02-26,Running,81,107,4843,142,6.2,2.9,4
LOG-500082,USR-2069,2024-02-26,Yoga,112,681,13912,88,7.7,2.3,2
LOG-502513,USR-2109,2024-02-26,Walking,36,848,19850,153,7.3,3.2,4
LOG-502523,USR-2204,2024-02-26,HIIT,28,456,8305,161,4.6,3.4,3
LOG-502235,USR-2037,2024-02-26,HIIT,107,180,14506,88,8.9,3.7,2
LOG-502673,USR-2247,2024-02-26,Cycling,90,777,3047,74,8.5,0.8,2
LOG-500742,USR-2254,2024-02-26,Walking,59,426,11437,152,4.2,3.4,4
LOG-502051,USR-2087,2024-02-26,Walking,60,899,17908,104,7.0,3.7,1
LOG-502157,USR-2148,2024-02-26,Gym Workout,116,617,19021,100,4.4,1.9,4
LOG-503049,USR-2293,2024-02-26,HIIT,60,166,14168,80,4.0,0.7,1
LOG-500728,USR-2151,2024-02-26,Cycling,116,143,15719,166,5.6,3.9,2
LOG-502058,USR-2105,2024-02-27,Cycling,23,270,634,80,4.7,3.6,3
LOG-500831,USR-2224,2024-02-27,Running,115,559,16578,135,5.6,0.5,5
LOG-501189,USR-2117,2024-02-27,Gym Workout,52,304,1781,71,7.6,3.7,1
LOG-502534,USR-2076,2024-02-27,Gym Workout,77,124,8771,154,8.2,1.0,3
LOG-500097,USR-2223,2024-02-27,Running,60,738,11798,126,7.9,2.4,4
LOG-500052,USR-2035,2024-02-27,Yoga,58,880,17386,128,8.9,2.7,1
LOG-503093,USR-2041,2024-02-27,Cycling,66,485,10782,72,6.1,3.1,2
LOG-500926,USR-2061,2024-02-27,Cycling,10,303,14792,144,4.5,1.3,4
LOG-503445,USR-2090,2024-02-27,Yoga,80,333,19232,128,5.7,0.9,4
LOG-500755,USR-2253,2024-02-27,Running,97,531,19741,153,8.3,3.2,4
LOG-500899,USR-2209,2024-02-27,Walking,102,715,10975,169,7.5,3.8,4
LOG-501147,USR-2105,2024-02-28,Swimming,117,435,19573,178,6.0,3.8,5
LOG-502796,USR-2183,2024-02-28,Gym Workout,12,424,18584,75,7.5,2.7,2
LOG-501851,USR-2109,2024-02-28,Yoga,12,535,13046,164,6.0,2.3,2
LOG-501197,USR-2166,2024-02-28,Yoga,110,188,18198,147,8.2,1.3,3
LOG-503124,USR-2250,2024-02-28,HIIT,113,490,2713,94,8.8,2.4,1
LOG-501754,USR-2184,2024-02-28,Running,101,365,17013,169,6.1,3.4,1
LOG-501943,USR-2121,2024-02-28,HIIT,38,536,8659,137,7.5,3.9,2
LOG-502413,USR-2144,2024-02-28,Swimming,100,536,4666,113,8.3,2.6,3
LOG-503451,USR-2060,2024-02-28,Running,84,459,16763,101,5.8,1.5,5
LOG-503193,USR-2159,2024-02-28,Yoga,56,471,3510,97,4.1,3.9,5
LOG-502497,USR-2108,2024-02-28,Running,17,373,6186,131,4.4,3.4,2
LOG-503016,USR-2141,2024-02-29,Gym Workout,84,217,10403,78,4.6,3.3,1
LOG-501857,USR-2118,2024-02-29,Cycling,27,516,6341,137,6.6,3.9,5
LOG-501719,USR-2101,2024-02-29,Gym Workout,59,320,8727,74,8.3,1.2,3
LOG-501284,USR-2080,2024-02-29,Cycling,58,264,12304,82,6.6,3.7,4
LOG-502612,USR-2014,2024-02-29,Running,116,405,6391,123,6.8,2.4,1
LOG-501944,USR-2250,2024-02-29,Gym Workout,17,650,5536,113,5.4,2.6,2
LOG-501540,USR-2266,2024-02-29,Walking,60,202,797,71,7.3,3.6,4
LOG-501792,USR-2081,2024-02-29,Swimming,29,114,13317,70,8.7,3.5,2
LOG-503425,USR-2185,2024-02-29,Swimming,83,620,7684,137,7.6,1.9,2
LOG-500476,USR-2014,2024-02-29,Cycling,86,51,9875,121,6.0,2.5,4
LOG-502939,USR-2175,2024-02-29,Swimming,55,145,4400,142,7.6,2.6,2
LOG-501590,USR-2034,2024-02-29,Gym Workout,103,878,9375,93,6.9,1.1,1
LOG-502489,USR-2080,2024-03-01,Yoga,18,851,4625,113,8.9,1.7,3
LOG-501385,USR-2198,2024-03-01,Swimming,29,65,2474,91,7.5,3.0,5
LOG-502044,USR-2085,2024-03-01,HIIT,16,634,9678,112,5.1,3.7,4
LOG-500152,USR-2113,2024-03-01,Swimming,98,368,3757,89,4.8,2.2,4
LOG-503496,USR-2132,2024-03-01,Swimming,74,408,9318,102,8.9,2.8,2
LOG-501838,USR-2266,2024-03-01,Yoga,61,810,7901,157,5.0,2.7,4
LOG-502728,USR-2210,2024-03-01,Running,114,432,11798,126,5.0,1.2,4
LOG-502596,USR-2020,2024-03-01,Cycling,108,502,9575,79,5.9,2.6,1
LOG-501164,USR-2261,2024-03-02,Walking,38,172,3014,117,4.0,2.6,3
LOG-500161,USR-2216,2024-03-02,Yoga,56,582,9935,149,7.0,2.8,5
LOG-502627,USR-2174,2024-03-02,Running,20,606,4686,71,4.9,2.7,4
LOG-500748,USR-2251,2024-03-02,Walking,63,315,12352,151,5.4,1.5,1
LOG-502271,USR-2105,2024-03-03,Cycling,74,355,15254,147,6.5,3.6,1
LOG-503254,USR-2240,2024-03-03,HIIT,37,645,11480,74,7.0,0.5,4
LOG-502298,USR-2212,2024-03-03,Cycling,82,123,8050,130,7.9,2.3,5
LOG-501854,USR-2121,2024-03-03,Running,61,426,10511,130,5.3,1.6,1
LOG-500572,USR-2074,2024-03-03,Yoga,92,126,1187,170,7.2,0.6,1
LOG-502879,USR-2172,2024-03-03,Gym Workout,86,853,5598,177,5.5,2.6,3
LOG-502108,USR-2138,2024-03-03,Gym Workout,114,501,2699,113,7.7,2.2,1
LOG-503180,USR-2168,2024-03-03,Cycling,117,315,19574,159,8.5,0.7,2
LOG-501420,USR-2054,2024-03-03,HIIT,68,703,10885,143,5.7,3.7,5
LOG-501721,USR-2283,2024-03-03,Cycling,30,65,11372,100,8.3,1.2,1
LOG-502088,USR-2174,2024-03-04,Swimming,63,703,7377,162,5.2,2.7,3
LOG-500886,USR-2075,2024-03-04,Yoga,113,675,17913,104,7.0,3.0,5
LOG-502074,USR-2015,2024-03-04,HIIT,118,802,19639,159,4.5,3.7,1
LOG-501080,USR-2156,2024-03-04,Gym Workout,80,217,7999,149,4.9,3.8,3
LOG-500507,USR-2243,2024-03-04,Cycling,98,760,11376,115,5.1,2.7,5
LOG-502639,USR-2092,2024-03-04,Swimming,102,672,12234,156,7.5,3.0,3
LOG-501407,USR-2189,2024-03-04,Running,91,532,19738,152,4.5,2.7,3
LOG-503276,USR-2284,2024-03-04,Swimming,57,634,12323,77,7.2,3.5,4
LOG-500406,USR-2123,2024-03-04,Cycling,65,494,13768,92,5.9,2.8,3
LOG-500853,USR-2225,2024-03-04,Yoga,102,676,11759,98,8.4,2.4,5
LOG-503094,USR-2211,2024-03-04,Walking,73,163,10567,131,5.8,1.1,3
LOG-502885,USR-2294,2024-03-04,Walking,22,152,16236,151,4.5,2.9,4
LOG-502184,USR-2201,2024-03-04,Yoga,37,226,7395,143,9.0,2.3,2
LOG-500398,USR-2093,2024-03-04,Yoga,69,113,2291,94,8.5,1.6,3
LOG-500372,USR-2114,2024-03-04,Cycling,12,159,3949,119,5.6,2.8,1
LOG-503262,USR-2125,2024-03-05,Yoga,50,608,13410,73,8.8,3.4,5
LOG-501014,USR-2055,2024-03-05,Yoga,23,154,7173,160,7.4,1.2,4
LOG-501772,USR-2216,2024-03-05,HIIT,46,779,1580,87,6.4,3.1,2
LOG-503268,USR-2026,2024-03-05,Swimming,15,158,997,167,7.4,2.6,4
LOG-503225,USR-2265,2024-03-05,Cycling,54,830,11304,88,5.3,3.3,2
LOG-502166,USR-2071,2024-03-05,Gym Workout,116,479,15741,89,7.6,3.9,4
LOG-502652,USR-2184,2024-03-05,HIIT,53,678,16079,84,8.4,0.6,3
LOG-503471,USR-2207,2024-03-06,Gym Workout,66,561,13603,113,7.8,2.4,2
LOG-501672,USR-2205,2024-03-06,Cycling,98,598,6286,102,6.9,3.5,3
LOG-502053,USR-2061,2024-03-06,Walking,85,661,4528,100,7.3,1.0,3
LOG-502281,USR-2219,2024-03-06,Yoga,109,439,7984,113,7.1,2.0,3
LOG-502458,USR-2218,2024-03-06,Swimming,35,821,17420,156,8.6,1.3,5
LOG-502527,USR-2102,2024-03-06,Yoga,67,245,5919,144,8.6,2.9,3
LOG-503082,USR-2010,2024-03-06,Yoga,107,750,15611,82,4.3,2.5,3
LOG-502873,USR-2026,2024-03-07,Swimming,51,878,11513,150,7.6,1.4,5
LOG-502014,USR-2074,2024-03-07,HIIT,113,278,5728,92,6.3,1.4,4
LOG-503448,USR-2201,2024-03-07,Walking,86,293,2754,144,7.0,3.2,5
LOG-502980,USR-2163,2024-03-07,Gym Workout,90,348,6217,166,8.3,1.7,5
LOG-503118,USR-2139,2024-03-07,Swimming,41,851,17988,176,6.6,2.1,3
LOG-500741,USR-2035,2024-03-07,HIIT,52,583,2461,147,7.0,3.4,1
LOG-500041,USR-2007,2024-03-07,Running,46,620,4603,162,4.1,0.8,4
LOG-502328,USR-2063,2024-03-08,HIIT,55,625,8807,134,4.7,0.9,1
LOG-500283,USR-2261,2024-03-08,Yoga,43,778,7884,167,8.5,2.1,3
LOG-500154,USR-2198,2024-03-08,Swimming,84,802,12358,179,8.0,1.3,5
LOG-501353,USR-2106,2024-03-08,Gym Workout,23,498,18714,144,5.5,3.3,4
LOG-501440,USR-2096,2024-03-08,Yoga,22,618,9200,113,6.8,3.4,1
LOG-500500,USR-2141,2024-03-08,Yoga,74,140,7651,115,8.7,3.5,5
LOG-502200,USR-2297,2024-03-08,Swimming,97,720,11558,171,6.6,2.7,5
LOG-500043,USR-2018,2024-03-08,Gym Workout,30,758,18273,165,4.1,2.5,3
LOG-502199,USR-2109,2024-03-08,Gym Workout,51,640,16399,121,8.2,2.1,1
LOG-500587,USR-2109,2024-03-09,Running,77,127,16170,113,5.4,2.7,5
LOG-502421,USR-2122,2024-03-09,Walking,64,540,19813,82,7.8,0.8,1
LOG-501108,USR-2043,2024-03-09,Swimming,60,255,3486,143,5.1,3.2,4
LOG-502144,USR-2132,2024-03-09,Gym Workout,90,858,3518,140,4.2,3.6,5
LOG-501526,USR-2029,2024-03-09,Swimming,119,172,7545,73,8.4,2.3,1
LOG-501386,USR-2132,2024-03-09,Cycling,17,156,8901,148,4.9,1.3,1
LOG-502124,USR-2128,2024-03-09,HIIT,102,363,11779,161,7.0,1.2,2
LOG-502702,USR-2101,2024-03-09,Gym Workout,82,889,4845,106,6.2,2.6,1
LOG-500522,USR-2282,2024-03-09,Gym Workout,87,172,11040,172,6.2,2.3,2
LOG-501067,USR-2004,2024-03-09,Yoga,81,202,6681,160,6.2,0.9,5
LOG-500505,USR-2198,2024-03-09,Yoga,60,581,17924,121,5.4,2.3,3
LOG-501097,USR-2262,2024-03-09,Yoga,74,143,5220,109,7.8,1.9,2
LOG-500258,USR-2297,2024-03-10,Yoga,15,229,6180,116,4.5,0.7,2
LOG-501793,USR-2093,2024-03-10,Gym Workout,67,442,9828,165,4.8,3.6,2
LOG-500677,USR-2067,2024-03-10,Cycling,71,63,11364,124,7.9,3.5,4
LOG-501680,USR-2146,2024-03-10,Swimming,11,567,2608,125,7.5,2.1,4
LOG-501516,USR-2203,2024-03-10,HIIT,104,789,981,113,6.0,1.7,3
LOG-503020,USR-2001,2024-03-10,HIIT,21,540,12489,170,4.8,1.5,2
LOG-500527,USR-2232,2024-03-10,Walking,77,600,4051,78,7.4,0.6,4
LOG-501048,USR-2230,2024-03-10,HIIT,26,669,3643,149,8.7,1.3,1
LOG-502340,USR-2052,2024-03-10,Walking,107,882,5740,100,8.0,1.1,5
LOG-500003,USR-2101,2024-03-10,Gym Workout,99,742,10213,173,5.3,3.5,5
LOG-502352,USR-2056,2024-03-10,Walking,56,376,4703,167,6.8,0.7,3
LOG-501430,USR-2177,2024-03-10,Yoga,107,899,16448,130,4.6,1.5,1
LOG-502153,USR-2254,2024-03-10,Swimming,115,121,1971,78,6.5,3.2,1
LOG-501167,USR-2245,2024-03-10,Walking,88,795,11983,115,5.5,2.1,3
LOG-502326,USR-2043,2024-03-11,Yoga,34,418,9231,108,6.3,0.7,1
LOG-502054,USR-2276,2024-03-11,HIIT,67,209,7464,179,4.5,2.5,5
LOG-500688,USR-2041,2024-03-11,Swimming,45,331,9598,168,6.2,2.4,3
LOG-503428,USR-2260,2024-03-11,Swimming,41,524,16717,84,6.0,0.8,5
LOG-503128,USR-2156,2024-03-11,Yoga,54,765,7120,77,8.3,2.9,1
LOG-500594,USR-2217,2024-03-11,Swimming,78,586,4187,81,7.7,4.0,4
LOG-502216,USR-2241,2024-03-11,Yoga,63,238,16871,77,6.5,1.9,4
LOG-501953,USR-2065,2024-03-11,Yoga,111,262,5580,97,5.3,3.2,3
LOG-501495,USR-2169,2024-03-11,Swimming,42,158,16052,171,5.7,2.1,4
LOG-502558,USR-2003,2024-03-11,Cycling,70,670,4703,149,6.0,1.8,2
LOG-502897,USR-2187,2024-03-12,Cycling,21,364,8814,93,6.4,3.0,4
LOG-501251,USR-2001,2024-03-12,Walking,82,56,17386,120,8.9,3.0,1
LOG-500068,USR-2268,2024-03-12,Walking,42,137,1873,179,6.1,2.3,5
LOG-501534,USR-2069,2024-03-12,Gym Workout,19,108,5644,127,8.6,2.3,1
LOG-500992,USR-2004,2024-03-12,Running,39,481,10333,72,5.5,3.9,4
LOG-500902,USR-2071,2024-03-12,Gym Workout,110,723,16865,169,8.4,1.1,4
LOG-501819,USR-2114,2024-03-12,Yoga,27,614,2224,170,5.6,1.2,4
LOG-500057,USR-2235,2024-03-12,Walking,42,373,13580,76,5.2,0.6,2
LOG-502687,USR-2216,2024-03-12,Gym Workout,91,216,6335,132,8.7,3.8,3
LOG-501069,USR-2241,2024-03-12,Cycling,39,825,18187,79,5.2,1.7,4
LOG-501737,USR-2203,2024-03-12,Running,37,794,3869,113,4.4,2.7,1
LOG-502635,USR-2172,2024-03-12,Running,107,321,12728,128,8.9,1.5,3
LOG-500421,USR-2068,2024-03-13,HIIT,77,131,2727,85,7.9,1.3,5
LOG-501062,USR-2034,2024-03-13,Running,58,456,2862,98,5.0,0.7,4
LOG-500738,USR-2113,2024-03-13,Swimming,77,688,19317,83,6.1,3.8,1
LOG-500303,USR-2252,2024-03-13,Gym Workout,17,668,15073,124,4.1,3.9,1
LOG-502097,USR-2241,2024-03-13,Cycling,112,145,14261,92,8.0,1.0,5
LOG-502985,USR-2046,2024-03-13,Yoga,20,801,10744,136,5.4,3.4,3
LOG-501812,USR-2265,2024-03-13,Gym Workout,28,164,16867,143,8.9,0.8,4
LOG-501972,USR-2002,2024-03-13,Gym Workout,54,678,19802,87,4.9,1.2,2
LOG-502015,USR-2109,2024-03-14,Cycling,29,632,8711,123,4.5,1.8,2
LOG-502793,USR-2131,2024-03-14,Gym Workout,67,249,17168,73,5.8,0.6,5
LOG-501637,USR-2218,2024-03-14,Running,79,248,3540,126,4.5,2.7,1
LOG-501310,USR-2226,2024-03-14,Swimming,53,86,4806,84,6.7,3.2,3
LOG-503386,USR-2253,2024-03-14,Walking,71,789,16131,118,8.4,0.6,2
LOG-500976,USR-2174,2024-03-14,Walking,114,148,11543,107,5.5,1.7,5
LOG-501422,USR-2039,2024-03-14,Walking,37,505,17134,137,6.5,0.6,1
LOG-500350,USR-2111,2024-03-14,Swimming,90,129,19526,163,5.2,2.7,2
LOG-500244,USR-2013,2024-03-14,Cycling,106,497,16114,178,8.3,2.7,5
LOG-500635,USR-2205,2024-03-15,Gym Workout,11,456,18350,78,8.1,0.9,1
LOG-502608,USR-2155,2024-03-15,Cycling,56,862,16895,103,4.2,4.0,5
LOG-503096,USR-2088,2024-03-15,Running,34,644,6119,174,5.8,1.6,3
LOG-500088,USR-2159,2024-03-15,Swimming,39,169,18085,137,6.8,3.2,1
LOG-500837,USR-2011,2024-03-15,HIIT,78,265,17552,154,8.1,3.5,5
LOG-500436,USR-2019,2024-03-15,HIIT,96,761,3687,126,6.5,3.4,5
LOG-502962,USR-2033,2024-03-16,Running,93,847,12010,76,7.4,1.2,1
LOG-502537,USR-2133,2024-03-16,Walking,115,658,19374,93,7.9,2.9,1
LOG-503201,USR-2283,2024-03-16,Walking,12,125,16825,94,8.3,3.8,3
LOG-502672,USR-2227,2024-03-16,Cycling,107,138,16724,134,6.3,1.6,2
LOG-500759,USR-2184,2024-03-16,Gym Workout,41,349,11582,166,4.4,4.0,2
LOG-500393,USR-2186,2024-03-16,HIIT,64,471,12340,160,7.7,2.6,2
LOG-501958,USR-2289,2024-03-16,HIIT,105,861,18112,136,6.3,1.8,2
LOG-500247,USR-2026,2024-03-16,Walking,95,224,7849,89,4.1,2.5,5
LOG-503383,USR-2220,2024-03-16,Gym Workout,13,745,15158,159,8.5,2.1,1
LOG-500753,USR-2123,2024-03-16,HIIT,28,459,5164,158,7.8,3.4,3
LOG-502694,USR-2124,2024-03-17,Running,100,616,18501,174,6.8,3.5,2
LOG-502739,USR-2012,2024-03-17,Yoga,28,593,15219,110,8.4,0.9,1
LOG-501930,USR-2172,2024-03-17,Cycling,76,649,1055,172,6.7,3.8,4
LOG-503065,USR-2132,2024-03-17,Swimming,83,873,9793,112,6.5,0.6,4
LOG-503187,USR-2160,2024-03-17,Walking,35,127,19005,118,4.6,1.8,4
LOG-500571,USR-2129,2024-03-17,Yoga,43,658,3666,147,7.8,2.6,1
LOG-501061,USR-2230,2024-03-17,Yoga,28,792,15401,74,6.7,2.3,1
LOG-502577,USR-2072,2024-03-17,Running,49,220,13770,108,4.7,3.1,4
LOG-501017,USR-2221,2024-03-17,Swimming,73,610,7715,92,7.0,3.2,4
LOG-500065,USR-2260,2024-03-17,Running,57,707,10857,104,4.2,1.9,1
LOG-503022,USR-2061,2024-03-17,Walking,49,446,14241,142,4.2,1.6,5
LOG-502358,USR-2082,2024-03-18,Cycling,87,544,11647,115,8.8,2.8,5
LOG-501986,USR-2202,2024-03-18,Swimming,34,669,8835,133,5.9,3.5,1
LOG-500596,USR-2289,2024-03-18,Cycling,52,641,821,124,8.4,1.7,2
LOG-502677,USR-2230,2024-03-18,Cycling,74,707,13573,70,6.3,3.6,3
LOG-503437,USR-2084,2024-03-18,Gym Workout,107,143,2359,171,7.1,3.4,4
LOG-502115,USR-2135,2024-03-18,Gym Workout,80,597,16132,148,6.0,3.7,5
LOG-501976,USR-2218,2024-03-18,Walking,96,384,13593,156,4.3,3.2,4
LOG-500713,USR-2201,2024-03-18,Swimming,35,813,15785,154,4.9,4.0,1
LOG-501144,USR-2198,2024-03-18,Swimming,15,782,15954,95,8.6,2.1,2
LOG-501989,USR-2237,2024-03-18,HIIT,52,852,13765,117,6.3,3.1,3
LOG-502872,USR-2018,2024-03-18,Swimming,17,839,11658,147,5.4,1.9,2
LOG-503259,USR-2050,2024-03-18,Walking,80,627,2102,138,6.3,3.5,3
LOG-500150,USR-2284,2024-03-19,Walking,97,502,4436,114,4.5,1.0,5
LOG-500645,USR-2230,2024-03-19,Yoga,44,231,1859,128,7.6,2.9,3
LOG-500122,USR-2192,2024-03-19,Yoga,82,857,2979,88,5.2,2.8,2
LOG-500849,USR-2235,2024-03-19,Cycling,28,815,15337,170,7.3,3.0,4
LOG-503470,USR-2248,2024-03-19,Running,35,641,8188,164,4.3,2.7,5
LOG-500392,USR-2007,2024-03-19,Swimming,106,301,4054,173,4.4,1.6,3
LOG-503312,USR-2007,2024-03-19,Gym Workout,16,882,9927,134,5.9,3.0,4
LOG-500708,USR-2181,2024-03-19,Gym Workout,69,896,10691,100,4.5,1.8,5
LOG-503135,USR-2142,2024-03-19,Gym Workout,84,842,2982,134,5.7,3.0,1
LOG-503272,USR-2222,2024-03-19,Running,34,744,8411,84,4.5,1.4,5
LOG-502167,USR-2024,2024-03-19,Running,107,666,12503,85,7.3,3.4,1
LOG-502078,USR-2044,2024-03-20,Swimming,13,850,15881,80,7.4,0.9,2
LOG-503436,USR-2248,2024-03-20,Swimming,57,739,9563,163,5.7,1.6,4
LOG-502707,USR-2003,2024-03-20,HIIT,25,315,14227,93,7.7,1.0,1
LOG-503407,USR-2089,2024-03-20,Cycling,34,346,12958,158,4.5,1.5,4
LOG-503247,USR-2153,2024-03-20,Cycling,60,346,5246,85,5.1,0.7,5
LOG-502114,USR-2093,2024-03-20,Gym Workout,76,766,2455,112,8.3,1.5,5
LOG-500842,USR-2010,2024-03-20,HIIT,48,143,13659,170,5.8,1.5,1
LOG-500124,USR-2187,2024-03-20,Cycling,49,189,15760,115,6.2,4.0,4
LOG-502947,USR-2277,2024-03-20,Yoga,115,236,19291,146,8.8,2.4,4
LOG-500528,USR-2080,2024-03-20,Swimming,37,759,5524,74,6.0,3.0,1
LOG-502772,USR-2176,2024-03-20,Cycling,76,63,1832,170,5.0,3.0,4
LOG-500172,USR-2235,2024-03-20,Yoga,41,174,14724,128,6.4,3.0,5
LOG-501802,USR-2157,2024-03-20,Gym Workout,87,205,1946,93,6.3,2.9,5
LOG-501271,USR-2070,2024-03-21,Walking,71,418,14262,90,7.4,1.3,5
LOG-500917,USR-2004,2024-03-21,Running,35,322,2519,114,7.2,3.8,1
LOG-501280,USR-2068,2024-03-21,Gym Workout,50,352,2591,147,8.8,1.6,3
LOG-502626,USR-2287,2024-03-21,Running,102,700,7304,167,6.5,3.1,5
LOG-502259,USR-2086,2024-03-21,HIIT,54,659,12401,79,8.2,1.1,3
LOG-502521,USR-2242,2024-03-21,Yoga,75,444,11372,84,6.3,2.7,2
LOG-503440,USR-2081,2024-03-21,Swimming,118,312,8934,88,4.4,0.6,1
LOG-500815,USR-2208,2024-03-21,Walking,31,491,9029,137,7.3,2.7,1
LOG-500990,USR-2290,2024-03-21,Running,116,519,14204,142,8.6,0.5,3
LOG-500627,USR-2236,2024-03-21,Gym Workout,71,252,1007,82,7.4,2.2,2
LOG-500757,USR-2128,2024-03-21,Yoga,74,835,4183,155,4.4,1.6,5
LOG-500474,USR-2159,2024-03-21,Gym Workout,15,833,2340,96,8.2,2.2,3
LOG-501388,USR-2059,2024-03-22,Running,12,860,14137,159,4.5,3.9,5
LOG-501085,USR-2181,2024-03-22,Gym Workout,26,744,7951,76,8.9,1.6,3
LOG-502761,USR-2194,2024-03-22,Running,32,237,3519,127,5.3,1.4,2
LOG-500672,USR-2111,2024-03-22,Swimming,82,733,16658,164,6.0,3.3,4
LOG-500798,USR-2219,2024-03-22,Yoga,83,621,2919,130,8.6,2.3,5
LOG-502510,USR-2297,2024-03-22,Gym Workout,72,442,4252,70,6.2,3.2,3
LOG-501918,USR-2107,2024-03-22,Gym Workout,111,324,17284,138,4.2,2.0,5
LOG-500655,USR-2262,2024-03-22,Gym Workout,40,766,14852,144,7.9,3.4,2
LOG-500305,USR-2089,2024-03-22,Cycling,86,141,17899,112,4.2,1.9,5
LOG-501698,USR-2208,2024-03-23,Running,30,793,1984,154,5.1,2.6,3
LOG-500774,USR-2246,2024-03-23,Cycling,95,547,18806,150,4.5,3.7,5
LOG-501536,USR-2149,2024-03-23,Yoga,40,580,2833,107,7.7,0.8,1
LOG-502241,USR-2287,2024-03-23,Cycling,88,870,10625,82,5.2,1.6,5
LOG-503183,USR-2196,2024-03-23,Yoga,65,347,3010,145,4.6,3.3,4
LOG-500475,USR-2041,2024-03-23,Swimming,77,766,12633,109,4.1,2.5,2
LOG-502277,USR-2042,2024-03-23,Yoga,85,453,15889,89,5.1,1.4,3
LOG-503326,USR-2231,2024-03-24,Running,93,598,10104,177,8.1,1.4,3
LOG-500818,USR-2090,2024-03-24,Running,13,565,10901,111,5.5,1.9,5
LOG-502093,USR-2059,2024-03-24,Cycling,27,158,719,129,6.5,3.7,1
LOG-501571,USR-2191,2024-03-24,Walking,27,741,5596,116,8.2,2.1,3
LOG-500745,USR-2142,2024-03-24,Walking,87,520,585,178,7.2,1.9,2
LOG-500329,USR-2085,2024-03-24,HIIT,113,115,19897,171,7.1,3.2,2
LOG-503430,USR-2072,2024-03-24,HIIT,71,193,3001,99,4.9,0.7,5
LOG-502740,USR-2009,2024-03-24,Cycling,28,728,18415,109,7.3,0.8,4
LOG-501244,USR-2210,2024-03-24,Walking,74,832,11181,89,4.6,3.2,2
LOG-501860,USR-2221,2024-03-24,HIIT,74,518,8879,177,5.3,3.8,4
LOG-503356,USR-2092,2024-03-25,Gym Workout,80,830,3324,159,5.5,2.8,4
LOG-500311,USR-2070,2024-03-25,Gym Workout,69,433,542,73,7.8,2.8,1
LOG-501383,USR-2204,2024-03-25,HIIT,46,292,18990,90,8.4,3.1,4
LOG-502123,USR-2174,2024-03-25,Walking,88,799,15007,70,4.6,1.6,3
LOG-502034,USR-2201,2024-03-25,Cycling,104,440,16060,87,5.9,3.8,4
LOG-500681,USR-2035,2024-03-25,Yoga,90,331,10957,149,7.9,3.9,5
LOG-500535,USR-2077,2024-03-25,Cycling,75,892,7794,159,7.6,2.8,2
LOG-502219,USR-2017,2024-03-25,Cycling,106,875,18892,71,8.7,2.1,1
LOG-501743,USR-2165,2024-03-25,Running,64,702,1667,109,5.2,2.6,3
LOG-500999,USR-2101,2024-03-26,Walking,114,534,9335,179,7.7,3.7,5
LOG-501649,USR-2105,2024-03-26,Gym Workout,68,585,1656,111,5.2,0.6,3
LOG-503488,USR-2043,2024-03-26,Yoga,112,651,7037,125,8.0,1.3,3
LOG-501150,USR-2064,2024-03-26,Cycling,17,771,13970,81,6.8,2.9,4
LOG-503238,USR-2011,2024-03-26,HIIT,83,674,15453,74,8.5,1.9,2
LOG-502274,USR-2006,2024-03-26,Yoga,72,200,6536,127,7.5,1.6,4
LOG-500324,USR-2005,2024-03-26,Walking,48,367,7617,81,6.8,3.0,2
LOG-503363,USR-2004,2024-03-26,Yoga,107,284,1567,93,4.6,2.1,2
LOG-501828,USR-2096,2024-03-26,Gym Workout,13,201,7529,124,4.7,2.2,4
LOG-501745,USR-2271,2024-03-26,Yoga,24,480,6051,169,6.3,0.7,5
LOG-503260,USR-2049,2024-03-26,Gym Workout,78,580,11477,106,8.2,3.9,4
LOG-502863,USR-2021,2024-03-26,Gym Workout,64,555,8085,120,4.8,1.4,1
LOG-502937,USR-2226,2024-03-26,Running,87,282,13531,135,7.5,1.5,4
LOG-500883,USR-2264,2024-03-26,Yoga,108,290,8484,168,7.0,0.6,4
LOG-501100,USR-2062,2024-03-26,Yoga,14,90,17421,164,6.7,2.7,3
LOG-503190,USR-2239,2024-03-26,Running,20,687,7073,77,6.9,2.9,1
LOG-502208,USR-2090,2024-03-26,HIIT,78,658,16220,156,4.3,0.9,2
LOG-500434,USR-2050,2024-03-26,Cycling,66,70,14336,126,8.4,1.3,4
LOG-502237,USR-2108,2024-03-27,Gym Workout,74,101,13016,133,7.3,1.2,4
LOG-500314,USR-2289,2024-03-27,Swimming,67,513,18467,84,5.4,2.9,5
LOG-500919,USR-2297,2024-03-27,Running,98,186,2504,179,4.6,2.9,1
LOG-500439,USR-2103,2024-03-27,Gym Workout,82,813,7739,175,7.2,3.5,5
LOG-502494,USR-2020,2024-03-27,Running,28,499,19933,83,6.1,1.4,1
LOG-503372,USR-2175,2024-03-27,Running,63,797,7455,97,7.0,1.0,4
LOG-500797,USR-2172,2024-03-27,Running,115,814,8905,157,7.7,3.9,2
LOG-501623,USR-2201,2024-03-27,Running,71,293,16684,160,4.9,2.3,2
LOG-501043,USR-2296,2024-03-27,Walking,10,703,11093,75,6.0,0.9,1
LOG-502729,USR-2220,2024-03-27,Swimming,113,689,5013,136,5.4,2.2,1
LOG-500387,USR-2022,2024-03-28,HIIT,119,681,4253,128,4.1,3.9,4
LOG-501905,USR-2253,2024-03-28,Walking,82,72,6205,115,4.6,1.8,2
LOG-501392,USR-2232,2024-03-28,HIIT,30,346,8024,118,8.6,3.2,2
LOG-500422,USR-2211,2024-03-28,Swimming,74,627,5870,80,6.1,2.2,1
LOG-501951,USR-2189,2024-03-28,Swimming,61,133,10987,103,4.4,2.1,3
LOG-501493,USR-2133,2024-03-28,Cycling,17,869,4734,129,7.3,1.7,4
LOG-501875,USR-2020,2024-03-28,Yoga,32,551,17462,83,5.9,3.0,4
LOG-502666,USR-2182,2024-03-28,Gym Workout,50,227,8664,154,6.2,1.5,4
LOG-501883,USR-2009,2024-03-28,Yoga,77,227,18595,176,7.3,2.2,5
LOG-501945,USR-2194,2024-03-29,Walking,84,208,19375,118,5.3,0.6,3
LOG-501318,USR-2277,2024-03-29,HIIT,87,537,3066,155,8.2,2.9,2
LOG-500611,USR-2100,2024-03-29,Walking,54,872,10132,103,8.5,2.1,5
LOG-501499,USR-2063,2024-03-29,Running,38,856,14284,175,7.0,3.1,2
LOG-501113,USR-2188,2024-03-29,Gym Workout,88,790,14019,173,6.9,1.1,1
LOG-500579,USR-2262,2024-03-29,Yoga,17,476,1697,166,4.5,2.6,5
LOG-500029,USR-2065,2024-03-29,Walking,78,540,13172,99,7.3,2.5,5
LOG-501880,USR-2255,2024-03-29,Gym Workout,89,195,16055,148,4.9,1.5,5
LOG-502063,USR-2243,2024-03-29,Cycling,13,663,15986,129,7.5,1.3,4
LOG-500165,USR-2249,2024-03-29,Swimming,68,69,12219,174,7.8,3.3,2
LOG-500130,USR-2032,2024-03-29,Running,109,348,18013,103,4.3,1.6,2
LOG-502969,USR-2136,2024-03-29,HIIT,94,300,10628,148,5.7,3.1,3
LOG-500794,USR-2288,2024-03-29,Gym Workout,39,414,4782,134,6.4,1.8,4
LOG-500787,USR-2045,2024-03-29,Gym Workout,103,571,2690,164,8.0,3.3,2
LOG-502974,USR-2017,2024-03-29,Yoga,95,761,15112,176,8.5,2.4,2
LOG-502412,USR-2121,2024-03-30,Gym Workout,26,893,5247,135,6.6,2.1,4
LOG-503008,USR-2206,2024-03-30,HIIT,70,812,17076,82,8.4,1.6,1
LOG-501243,USR-2001,2024-03-30,Cycling,76,53,11592,125,8.6,2.6,5
LOG-502864,USR-2155,2024-03-30,Walking,34,51,14750,152,8.1,4.0,5
LOG-500162,USR-2095,2024-03-30,Running,72,769,14543,160,8.1,0.7,4
LOG-503278,USR-2006,2024-03-30,Walking,59,441,19082,154,7.1,3.0,5
LOG-500543,USR-2066,2024-03-30,Gym Workout,59,842,13431,84,7.6,3.0,5
LOG-501268,USR-2028,2024-03-31,Cycling,71,415,17922,146,8.9,1.9,3
LOG-501059,USR-2060,2024-03-31,Running,103,566,711,178,7.9,3.5,2
LOG-502813,USR-2217,2024-03-31,Gym Workout,106,98,2148,151,5.5,2.0,3
LOG-502179,USR-2070,2024-03-31,HIIT,67,505,4480,123,4.6,3.2,4
LOG-500758,USR-2203,2024-03-31,Cycling,82,565,14723,169,7.6,0.9,1
LOG-502456,USR-2267,2024-03-31,Running,12,331,7979,112,5.2,3.0,3
LOG-500626,USR-2197,2024-03-31,Cycling,17,696,16141,127,6.2,3.3,1
LOG-502950,USR-2250,2024-03-31,Gym Workout,29,654,11632,140,5.0,1.8,1
LOG-501553,USR-2203,2024-04-01,Yoga,63,761,7726,121,4.4,1.4,1
LOG-502816,USR-2051,2024-04-01,HIIT,37,240,4753,153,7.2,3.4,2
LOG-501785,USR-2151,2024-04-01,HIIT,82,641,17371,115,7.2,2.4,1
LOG-500599,USR-2101,2024-04-01,Cycling,76,750,14868,126,6.9,3.3,2
LOG-502001,USR-2263,2024-04-01,Gym Workout,39,345,18361,128,6.0,0.8,2
LOG-500764,USR-2235,2024-04-01,Walking,33,132,11295,137,7.6,2.0,3
LOG-500768,USR-2159,2024-04-01,Walking,106,392,9660,149,7.9,3.7,2
LOG-501616,USR-2048,2024-04-01,Swimming,40,700,1745,165,6.5,1.0,2
LOG-503482,USR-2176,2024-04-02,Yoga,17,217,6188,150,6.9,3.8,2
LOG-501008,USR-2085,2024-04-02,Running,31,610,12722,100,5.9,3.2,5
LOG-500712,USR-2220,2024-04-02,HIIT,74,476,5340,151,8.3,3.6,3
LOG-501139,USR-2108,2024-04-02,Gym Workout,50,555,3093,87,6.8,3.4,5
LOG-502230,USR-2144,2024-04-02,Gym Workout,50,287,2627,160,8.1,2.7,1
LOG-500714,USR-2283,2024-04-02,HIIT,91,677,11199,175,7.8,1.7,3
LOG-503220,USR-2127,2024-04-02,Running,50,644,4667,155,5.2,2.2,2
LOG-502117,USR-2038,2024-04-02,HIIT,10,221,10349,119,7.3,2.1,2
LOG-500262,USR-2167,2024-04-03,Yoga,48,840,9353,133,5.4,2.5,3
LOG-501293,USR-2228,2024-04-03,Running,71,572,13223,115,6.6,0.8,1
LOG-503324,USR-2206,2024-04-03,Swimming,70,102,9998,114,5.8,3.2,1
LOG-501715,USR-2249,2024-04-03,Cycling,46,444,4437,173,6.2,3.9,4
LOG-501141,USR-2146,2024-04-03,HIIT,79,450,12947,72,4.3,1.1,2
LOG-500777,USR-2025,2024-04-03,Running,68,494,4631,79,8.9,1.7,5
LOG-502886,USR-2007,2024-04-03,Running,53,270,9665,72,7.3,2.4,3
LOG-500979,USR-2230,2024-04-03,Cycling,92,131,9254,123,6.9,0.7,5
LOG-503351,USR-2201,2024-04-03,Cycling,47,605,3266,122,4.9,3.5,1
LOG-501619,USR-2144,2024-04-03,Yoga,27,698,2774,177,6.0,2.5,1
LOG-502143,USR-2282,2024-04-03,Walking,42,69,994,147,6.0,3.9,2
LOG-500461,USR-2227,2024-04-04,Cycling,110,560,1128,161,8.7,2.6,2
LOG-500537,USR-2149,2024-04-04,HIIT,112,770,12673,175,6.7,2.3,1
LOG-500108,USR-2263,2024-04-04,Gym Workout,69,872,18235,139,8.0,3.7,4
LOG-502385,USR-2087,2024-04-04,Yoga,102,806,1981,154,4.2,1.3,4
LOG-501849,USR-2155,2024-04-04,Swimming,11,736,7455,106,8.3,2.4,5
LOG-503447,USR-2156,2024-04-04,Yoga,28,670,15326,102,8.8,3.0,2
LOG-501226,USR-2255,2024-04-05,Walking,36,679,5478,110,4.2,2.0,1
LOG-502317,USR-2077,2024-04-05,HIIT,117,503,5725,146,6.2,1.2,5
LOG-501901,USR-2245,2024-04-05,Swimming,64,498,5718,154,8.2,1.4,1
LOG-500601,USR-2251,2024-04-05,HIIT,10,71,1176,156,5.9,0.5,2
LOG-502223,USR-2107,2024-04-05,Gym Workout,54,867,10368,108,8.6,2.0,3
LOG-502762,USR-2019,2024-04-05,Cycling,42,379,13609,146,5.7,1.0,1
LOG-500364,USR-2276,2024-04-05,Cycling,116,614,12108,99,5.5,1.1,4
LOG-500625,USR-2193,2024-04-05,Yoga,77,365,14370,93,5.2,3.3,4
LOG-502924,USR-2271,2024-04-05,Walking,20,650,2921,82,8.5,0.8,5
LOG-500135,USR-2263,2024-04-05,Cycling,108,734,6926,143,8.5,1.8,2
LOG-500566,USR-2222,2024-04-06,Yoga,56,762,635,149,5.4,0.8,5
LOG-500539,USR-2121,2024-04-06,Walking,101,804,3728,94,6.9,3.6,1
LOG-502127,USR-2232,2024-04-06,Cycling,93,306,16701,125,8.7,1.6,5
LOG-500100,USR-2089,2024-04-06,Cycling,34,357,18046,81,7.5,3.3,2
LOG-501652,USR-2189,2024-04-06,HIIT,20,211,7575,139,4.7,2.1,3
LOG-500337,USR-2297,2024-04-06,Gym Workout,25,615,19292,72,4.9,1.7,4
LOG-501622,USR-2199,2024-04-06,Cycling,83,724,18923,140,4.8,1.3,2
LOG-502386,USR-2250,2024-04-06,Running,45,372,15278,169,7.9,1.8,1
LOG-500320,USR-2029,2024-04-06,HIIT,111,132,18787,149,6.7,2.5,5
LOG-502839,USR-2218,2024-04-06,HIIT,54,253,8231,128,8.2,3.3,5
LOG-502183,USR-2121,2024-04-06,Walking,92,634,2202,146,7.0,1.3,2
LOG-502460,USR-2021,2024-04-07,Gym Workout,46,555,13414,138,4.1,1.6,3
LOG-501384,USR-2051,2024-04-07,Gym Workout,59,758,11575,128,8.7,3.6,4
LOG-502313,USR-2005,2024-04-07,HIIT,96,167,648,93,5.1,2.2,5
LOG-501162,USR-2120,2024-04-07,Running,34,403,19228,85,7.4,3.4,1
LOG-502254,USR-2284,2024-04-07,Cycling,62,85,8832,154,6.2,3.9,2
LOG-500017,USR-2141,2024-04-07,Gym Workout,90,556,11825,96,7.4,3.1,5
LOG-500058,USR-2190,2024-04-07,Gym Workout,62,664,12762,94,8.4,3.2,5
LOG-500076,USR-2140,2024-04-07,Yoga,97,77,5331,128,8.1,2.3,4
LOG-502400,USR-2177,2024-04-07,Walking,104,481,18670,139,6.0,0.7,3
LOG-502641,USR-2151,2024-04-07,Walking,77,484,9021,130,4.6,1.1,1
LOG-502679,USR-2248,2024-04-07,Cycling,105,543,3014,89,8.5,3.2,2
LOG-502806,USR-2204,2024-04-07,Yoga,53,343,12152,166,4.0,1.9,5
LOG-500419,USR-2233,2024-04-08,Gym Workout,67,581,13715,93,6.9,0.8,3
LOG-502583,USR-2202,2024-04-08,Gym Workout,23,482,16487,132,4.4,3.8,5
LOG-503421,USR-2229,2024-04-08,Walking,38,124,16135,106,7.0,2.4,5
LOG-500027,USR-2064,2024-04-08,Cycling,33,740,1136,176,6.7,1.1,1
LOG-501816,USR-2187,2024-04-08,Yoga,34,363,15033,179,6.4,3.3,5
LOG-503462,USR-2082,2024-04-08,Swimming,87,252,1302,107,4.3,3.4,1
LOG-500456,USR-2133,2024-04-08,HIIT,14,588,7942,130,4.0,1.1,3
LOG-501711,USR-2115,2024-04-08,Cycling,17,746,12095,175,5.2,0.8,3
LOG-501581,USR-2155,2024-04-08,Cycling,26,378,12571,128,5.8,1.2,3
LOG-500682,USR-2062,2024-04-08,Yoga,78,746,15836,102,4.1,2.2,5
LOG-501913,USR-2218,2024-04-08,Gym Workout,108,365,10473,73,7.7,0.9,2
LOG-502737,USR-2272,2024-04-08,Swimming,105,805,16650,150,8.5,3.2,2
LOG-500610,USR-2298,2024-04-08,Walking,85,284,5367,153,4.5,2.7,4
LOG-502566,USR-2136,2024-04-08,HIIT,71,100,18386,129,8.7,0.8,3
LOG-502155,USR-2287,2024-04-09,Gym Workout,108,789,1357,116,4.0,1.3,1
LOG-500985,USR-2232,2024-04-09,Swimming,20,607,1995,153,4.2,3.6,1
LOG-501465,USR-2054,2024-04-09,Swimming,81,363,19519,178,4.5,2.2,3
LOG-500821,USR-2129,2024-04-09,Gym Workout,100,69,10224,134,8.8,3.0,3
LOG-502239,USR-2050,2024-04-09,Yoga,29,855,12908,117,8.8,2.9,2
LOG-502801,USR-2104,2024-04-09,Cycling,107,295,14893,85,5.3,2.1,1
LOG-502439,USR-2092,2024-04-09,Gym Workout,19,336,2141,108,4.5,2.9,5
LOG-500380,USR-2114,2024-04-09,Gym Workout,64,238,14401,102,7.6,2.3,1
LOG-502478,USR-2147,2024-04-09,Yoga,92,865,8820,95,4.5,2.3,3
LOG-502888,USR-2115,2024-04-10,Swimming,56,862,11159,164,4.2,2.7,4
LOG-501450,USR-2167,2024-04-10,Yoga,87,545,8980,72,6.8,0.9,1
LOG-500237,USR-2248,2024-04-10,Yoga,71,794,4592,150,6.6,2.2,5
LOG-501378,USR-2032,2024-04-10,Cycling,49,469,8155,156,8.0,1.1,4
LOG-503487,USR-2044,2024-04-10,Walking,81,161,3100,159,7.8,1.5,4
LOG-502401,USR-2137,2024-04-10,Running,50,729,3867,150,8.7,3.0,4
LOG-501939,USR-2133,2024-04-10,Yoga,93,388,13957,159,7.1,3.2,5
LOG-500035,USR-2070,2024-04-10,HIIT,12,827,18701,175,8.5,2.6,3
LOG-501500,USR-2141,2024-04-10,Swimming,16,875,8368,77,6.9,2.7,1
LOG-502830,USR-2048,2024-04-10,Yoga,55,99,6292,112,6.9,3.3,2
LOG-500618,USR-2078,2024-04-10,Gym Workout,109,656,6096,173,6.0,1.1,3
LOG-503478,USR-2031,2024-04-11,Swimming,32,617,2975,170,6.8,3.3,2
LOG-503153,USR-2141,2024-04-11,HIIT,77,495,1068,109,5.6,2.2,4
LOG-500074,USR-2084,2024-04-11,Walking,46,668,8840,119,6.7,3.3,4
LOG-501358,USR-2187,2024-04-11,HIIT,46,470,16863,145,4.2,2.7,5
LOG-502580,USR-2240,2024-04-11,Swimming,90,213,3552,81,7.7,2.7,3
LOG-500726,USR-2244,2024-04-11,Walking,53,402,18986,102,6.4,0.9,3
LOG-500042,USR-2113,2024-04-11,Running,74,207,6686,170,7.1,1.9,5
LOG-500333,USR-2192,2024-04-11,Yoga,61,252,7031,149,8.0,3.5,3
LOG-502731,USR-2248,2024-04-12,Yoga,105,401,17893,78,7.3,2.5,5
LOG-502613,USR-2161,2024-04-12,Swimming,85,827,5763,101,4.6,3.7,1
LOG-502048,USR-2238,2024-04-12,Gym Workout,113,201,5909,136,5.1,3.7,4
LOG-500182,USR-2003,2024-04-12,Cycling,52,250,4786,100,5.6,0.9,5
LOG-501110,USR-2256,2024-04-12,Cycling,40,313,15833,78,6.8,3.6,1
LOG-503116,USR-2021,2024-04-12,Cycling,117,660,10535,155,7.6,2.1,1
LOG-500922,USR-2202,2024-04-12,Cycling,113,265,14967,165,8.7,3.5,1
LOG-503397,USR-2196,2024-04-12,HIIT,98,346,11461,136,8.3,3.2,1
LOG-501810,USR-2141,2024-04-12,Running,18,810,6142,82,6.1,1.9,3
LOG-502922,USR-2222,2024-04-13,Swimming,19,655,7197,138,8.5,3.3,5
LOG-501673,USR-2271,2024-04-13,Gym Workout,39,596,19714,174,8.7,3.4,4
LOG-501564,USR-2069,2024-04-13,Running,67,353,13529,151,7.4,1.9,5
LOG-500193,USR-2085,2024-04-13,Yoga,112,104,2299,109,7.7,1.3,3
LOG-500865,USR-2268,2024-04-13,Swimming,101,815,15750,102,9.0,3.3,4
LOG-500199,USR-2033,2024-04-13,Gym Workout,112,312,13202,176,5.4,3.7,5
LOG-501281,USR-2254,2024-04-13,Walking,59,318,12160,134,6.5,1.2,2
LOG-501111,USR-2093,2024-04-13,Running,72,311,13070,84,6.3,1.8,4
LOG-502848,USR-2187,2024-04-13,Cycling,77,682,18858,101,6.9,0.6,3
LOG-502301,USR-2067,2024-04-13,Cycling,84,221,6864,126,8.8,1.7,2
LOG-500517,USR-2012,2024-04-13,Running,60,843,18097,142,8.9,1.1,3
LOG-502557,USR-2249,2024-04-13,Walking,41,480,5675,156,6.5,0.9,4
LOG-503328,USR-2246,2024-04-13,Gym Workout,110,492,10499,147,7.4,1.8,2
LOG-501727,USR-2008,2024-04-14,Cycling,69,442,8385,74,5.1,4.0,1
LOG-502059,USR-2084,2024-04-14,Cycling,119,787,16884,166,5.9,4.0,1
LOG-500823,USR-2245,2024-04-14,Swimming,44,725,8150,132,5.9,2.7,2
LOG-500174,USR-2052,2024-04-14,Gym Workout,77,331,12663,83,5.2,1.0,2
LOG-500252,USR-2022,2024-04-14,Running,63,199,13467,112,4.7,1.1,5
LOG-501146,USR-2171,2024-04-14,Gym Workout,11,120,7611,171,8.4,2.6,1
LOG-503365,USR-2162,2024-04-14,Yoga,86,834,12343,178,4.6,1.3,2
LOG-500751,USR-2191,2024-04-14,Walking,100,321,10203,98,4.7,4.0,2
LOG-502522,USR-2149,2024-04-15,HIIT,35,601,7214,166,7.9,2.8,1
LOG-500826,USR-2017,2024-04-15,HIIT,86,106,13095,91,5.2,0.7,3
LOG-502807,USR-2281,2024-04-15,Walking,10,656,2623,82,8.9,3.4,5
LOG-500116,USR-2258,2024-04-15,Swimming,115,891,14369,139,8.0,2.2,5
LOG-500925,USR-2155,2024-04-15,HIIT,103,713,16502,115,6.7,1.6,4
LOG-501270,USR-2290,2024-04-15,Running,79,657,9302,121,5.2,3.6,2
LOG-501568,USR-2267,2024-04-15,HIIT,47,310,3314,167,7.9,3.0,2
LOG-502268,USR-2172,2024-04-15,Yoga,94,748,18155,85,4.2,2.4,5
LOG-501595,USR-2220,2024-04-15,Cycling,14,426,8828,95,8.2,0.6,4
LOG-503062,USR-2082,2024-04-16,Running,92,124,18964,113,8.5,1.5,3
LOG-502799,USR-2117,2024-04-16,Gym Workout,33,549,17552,174,4.0,3.0,1
LOG-501335,USR-2242,2024-04-16,Swimming,16,658,8617,129,8.8,3.4,3
LOG-501349,USR-2084,2024-04-16,Yoga,64,704,15169,104,8.1,2.8,5
LOG-502414,USR-2019,2024-04-16,Yoga,69,806,11342,145,7.1,2.5,4
LOG-501066,USR-2229,2024-04-16,Cycling,79,360,13219,108,7.4,2.9,1
LOG-501979,USR-2102,2024-04-16,Running,76,703,13803,138,5.0,3.2,1
LOG-501316,USR-2100,2024-04-16,Walking,39,645,2161,179,7.1,1.3,4
LOG-500346,USR-2143,2024-04-17,Swimming,90,217,932,166,7.7,1.6,4
LOG-503431,USR-2020,2024-04-17,Cycling,108,109,11124,93,8.2,0.6,1
LOG-502520,USR-2121,2024-04-17,Yoga,37,844,16014,79,6.3,0.6,2
LOG-500099,USR-2279,2024-04-17,Yoga,93,608,17189,171,5.7,2.5,5
LOG-500297,USR-2160,2024-04-17,Swimming,73,361,17458,116,8.7,2.3,2
LOG-503494,USR-2034,2024-04-17,Cycling,44,757,19082,106,6.7,0.7,4
LOG-500710,USR-2231,2024-04-17,Running,75,329,13156,83,5.7,2.3,4
LOG-501405,USR-2056,2024-04-17,Yoga,100,348,12317,113,8.5,2.3,4
LOG-501862,USR-2278,2024-04-17,Cycling,65,103,8744,82,6.7,2.9,4
LOG-502867,USR-2162,2024-04-17,Running,33,449,7377,75,7.0,0.5,4
LOG-500894,USR-2266,2024-04-18,HIIT,88,286,15657,75,5.8,0.6,1
LOG-502586,USR-2120,2024-04-18,HIIT,19,310,15353,75,5.1,3.7,1
LOG-503366,USR-2233,2024-04-18,Swimming,40,458,18810,116,5.5,2.2,5
LOG-500966,USR-2069,2024-04-18,Walking,94,815,8467,154,8.6,1.0,3
LOG-503306,USR-2177,2024-04-18,Yoga,71,405,5213,88,5.2,3.7,1
LOG-501348,USR-2253,2024-04-19,Running,109,206,3671,133,7.5,4.0,5
LOG-500140,USR-2190,2024-04-19,HIIT,118,428,17907,152,7.0,0.8,5
LOG-500689,USR-2072,2024-04-19,HIIT,114,620,17103,87,6.7,1.2,2
LOG-501288,USR-2218,2024-04-19,Swimming,117,454,12891,71,7.0,1.8,4
LOG-503043,USR-2166,2024-04-19,HIIT,110,737,13933,163,7.2,3.6,1
LOG-501657,USR-2140,2024-04-19,Yoga,101,663,19213,158,8.1,0.8,2
LOG-502532,USR-2128,2024-04-20,Cycling,64,428,13987,175,4.9,0.7,2
LOG-502090,USR-2050,2024-04-20,Running,77,158,3458,142,5.3,2.4,2
LOG-500294,USR-2257,2024-04-20,HIIT,92,766,2809,167,5.8,1.1,1
LOG-500322,USR-2099,2024-04-20,Yoga,106,513,5255,162,4.1,1.9,4
LOG-501313,USR-2019,2024-04-20,Swimming,108,678,9961,105,4.5,0.8,5
LOG-500511,USR-2259,2024-04-20,Gym Workout,111,610,15522,161,7.3,2.3,3
LOG-502190,USR-2271,2024-04-20,Walking,97,811,9660,128,7.1,1.4,1
LOG-500509,USR-2197,2024-04-20,Yoga,75,257,14353,96,6.4,1.7,3
LOG-501290,USR-2153,2024-04-20,Yoga,114,417,18497,73,7.9,2.1,3
LOG-502101,USR-2113,2024-04-20,Swimming,73,538,6724,143,6.4,1.0,2
LOG-500809,USR-2120,2024-04-21,Swimming,85,894,8273,76,4.6,1.5,5
LOG-501314,USR-2137,2024-04-21,Walking,95,544,6055,128,5.1,3.2,1
LOG-502118,USR-2198,2024-04-21,Cycling,45,292,15384,177,8.9,2.2,1
LOG-502945,USR-2297,2024-04-21,HIIT,61,514,7793,77,7.9,2.9,2
LOG-501969,USR-2272,2024-04-21,Walking,102,595,565,91,7.3,1.0,1
LOG-502161,USR-2171,2024-04-21,HIIT,35,296,13046,136,8.6,1.6,2
LOG-502017,USR-2206,2024-04-21,Yoga,38,356,13805,151,5.8,2.2,1
LOG-500620,USR-2068,2024-04-21,HIIT,114,755,5965,116,8.5,0.9,1
LOG-503477,USR-2020,2024-04-21,Swimming,12,124,4412,139,8.0,3.8,3
LOG-501078,USR-2149,2024-04-21,Yoga,108,338,2825,137,5.0,3.7,3
LOG-501834,USR-2070,2024-04-21,Walking,93,392,6631,152,7.2,1.7,4
LOG-501063,USR-2226,2024-04-22,Cycling,91,120,14498,118,5.7,3.1,1
LOG-500375,USR-2136,2024-04-22,Gym Workout,57,55,6105,162,6.3,3.8,5
LOG-501655,USR-2023,2024-04-22,Swimming,19,775,602,178,7.1,0.8,2
LOG-501701,USR-2105,2024-04-22,Running,67,194,6345,94,7.4,1.4,4
LOG-502302,USR-2219,2024-04-22,Cycling,116,467,13441,159,4.1,2.3,5
LOG-500953,USR-2191,2024-04-22,HIIT,115,320,5528,153,7.8,3.7,4
LOG-502443,USR-2287,2024-04-22,Running,73,723,15866,110,8.8,2.8,3
LOG-501459,USR-2225,2024-04-22,Gym Workout,111,316,13496,76,5.8,3.6,2
LOG-500497,USR-2280,2024-04-22,Walking,84,709,12054,162,6.3,3.5,4
LOG-502697,USR-2021,2024-04-23,Cycling,62,388,2942,85,4.4,1.1,5
LOG-500205,USR-2278,2024-04-23,Gym Workout,26,577,17651,149,4.6,2.1,5
LOG-501013,USR-2146,2024-04-23,HIIT,48,406,12615,166,6.3,1.2,4
LOG-502765,USR-2092,2024-04-23,Gym Workout,41,805,2262,132,8.7,2.4,5
LOG-502498,USR-2215,2024-04-23,Running,11,869,10845,132,7.2,0.7,3
LOG-501087,USR-2081,2024-04-23,HIIT,71,720,8205,155,4.8,1.8,4
LOG-500208,USR-2298,2024-04-23,Cycling,91,325,10831,116,4.8,2.1,3
LOG-500284,USR-2198,2024-04-23,Cycling,70,889,5086,145,8.9,3.3,4
LOG-501467,USR-2118,2024-04-23,HIIT,109,821,8450,100,7.5,3.0,2
LOG-501577,USR-2216,2024-04-23,HIIT,108,252,3603,136,7.3,3.0,1
LOG-501817,USR-2089,2024-04-24,Yoga,56,125,753,165,4.2,3.3,5
LOG-502266,USR-2121,2024-04-24,HIIT,72,373,7395,166,6.7,2.2,1
LOG-500411,USR-2238,2024-04-24,HIIT,105,178,6414,148,7.2,3.8,3
LOG-500701,USR-2045,2024-04-24,Running,32,358,19823,116,8.2,1.1,2
LOG-502824,USR-2297,2024-04-24,Yoga,57,830,6901,169,7.2,2.0,1
LOG-503009,USR-2283,2024-04-24,Walking,99,347,14664,117,5.3,2.4,3
LOG-502329,USR-2090,2024-04-24,Cycling,71,174,17184,71,5.5,1.1,4
LOG-503375,USR-2099,2024-04-24,Swimming,88,688,19608,92,6.1,1.0,1
LOG-502388,USR-2259,2024-04-24,Gym Workout,12,55,9451,84,8.2,0.6,5
LOG-503453,USR-2179,2024-04-24,Walking,105,287,5462,150,8.2,0.9,1
LOG-501928,USR-2218,2024-04-24,Gym Workout,53,806,2913,143,4.2,2.2,4
LOG-502256,USR-2224,2024-04-25,Swimming,55,485,6524,121,4.2,1.6,4
LOG-501149,USR-2233,2024-04-25,Gym Workout,114,748,5522,176,6.3,2.0,3
LOG-503213,USR-2124,2024-04-25,Yoga,54,504,4254,70,8.4,2.9,1
LOG-501781,USR-2173,2024-04-25,HIIT,24,675,2952,103,5.9,2.4,3
LOG-500793,USR-2216,2024-04-25,Cycling,77,858,16125,95,4.5,3.1,2
LOG-500264,USR-2065,2024-04-25,Yoga,50,173,7556,172,6.0,3.3,1
LOG-502272,USR-2037,2024-04-25,Running,48,470,4859,110,8.0,2.1,5
LOG-501471,USR-2173,2024-04-25,Cycling,117,281,15695,137,5.8,3.7,2
LOG-502289,USR-2248,2024-04-26,HIIT,90,770,4940,118,5.8,3.8,5
LOG-502927,USR-2217,2024-04-26,Yoga,66,398,2082,149,6.9,3.8,3
LOG-503178,USR-2025,2024-04-26,Cycling,103,106,11379,112,8.0,3.7,3
LOG-502547,USR-2227,2024-04-26,Walking,57,504,16038,133,8.6,0.9,5
LOG-501073,USR-2208,2024-04-26,Cycling,67,656,5517,168,6.4,1.8,5
LOG-500597,USR-2066,2024-04-26,Cycling,58,819,17436,146,6.7,2.3,1
LOG-502102,USR-2287,2024-04-26,HIIT,25,852,13580,132,6.9,1.6,3
LOG-503125,USR-2112,2024-04-26,Cycling,17,583,2954,173,5.6,2.7,4
LOG-501706,USR-2284,2024-04-26,Yoga,11,819,6955,112,7.9,2.1,2
LOG-502661,USR-2039,2024-04-27,Yoga,109,319,8091,175,7.5,1.1,1
LOG-503218,USR-2283,2024-04-27,HIIT,97,537,5408,112,4.3,3.8,5
LOG-500827,USR-2259,2024-04-27,Yoga,49,194,1384,179,6.2,0.8,3
LOG-502601,USR-2111,2024-04-27,HIIT,28,867,19131,123,7.4,1.5,3
LOG-501679,USR-2159,2024-04-27,Swimming,37,182,6237,177,8.7,0.8,5
LOG-502436,USR-2088,2024-04-27,Cycling,48,835,1460,82,5.3,3.6,1
LOG-502916,USR-2080,2024-04-27,Swimming,91,412,1195,81,6.9,3.6,1
LOG-501531,USR-2198,2024-04-27,HIIT,103,661,5078,125,7.1,2.9,4
LOG-502723,USR-2287,2024-04-27,HIIT,77,61,18550,120,8.3,0.6,5
LOG-500880,USR-2010,2024-04-28,Walking,94,656,17783,106,5.7,0.5,2
LOG-501208,USR-2172,2024-04-28,Yoga,69,486,5593,142,5.7,2.9,3
LOG-502233,USR-2262,2024-04-28,Yoga,87,213,5422,87,4.2,2.5,5
LOG-502643,USR-2076,2024-04-28,Yoga,11,783,16612,168,5.4,1.9,4
LOG-503341,USR-2066,2024-04-28,Gym Workout,17,805,6247,122,4.7,2.6,3
LOG-501821,USR-2160,2024-04-28,Cycling,20,214,830,128,6.6,3.0,1
LOG-500806,USR-2286,2024-04-28,Cycling,46,682,10407,121,7.8,3.9,2
LOG-502248,USR-2001,2024-04-29,Running,98,81,4580,160,6.4,1.7,5
LOG-500970,USR-2234,2024-04-29,Cycling,115,700,16015,175,7.1,3.9,3
LOG-500796,USR-2065,2024-04-29,Swimming,67,368,15120,137,5.7,2.5,2
LOG-500948,USR-2290,2024-04-29,Gym Workout,114,732,13663,123,9.0,0.8,5
LOG-501789,USR-2134,2024-04-29,Gym Workout,16,408,11029,75,6.1,3.2,5
LOG-502884,USR-2070,2024-04-29,Swimming,83,580,14444,152,4.3,3.7,1
LOG-500462,USR-2074,2024-04-29,Running,22,407,19640,73,6.3,0.7,1
LOG-502136,USR-2107,2024-04-30,Running,80,153,17989,153,6.2,1.1,2
LOG-502857,USR-2133,2024-04-30,HIIT,75,735,4323,112,5.5,2.5,2
LOG-500023,USR-2143,2024-04-30,Swimming,46,143,15538,178,8.4,1.5,3
LOG-500703,USR-2164,2024-04-30,Cycling,89,193,6245,142,4.9,3.8,2
LOG-501309,USR-2247,2024-04-30,Swimming,51,839,17442,78,8.8,0.6,3
LOG-502094,USR-2164,2024-04-30,Yoga,113,791,11521,101,6.8,1.4,4
LOG-503359,USR-2062,2024-04-30,Cycling,18,443,19360,170,5.7,1.1,4
LOG-500927,USR-2260,2024-04-30,Walking,105,167,11474,165,7.7,2.3,3
LOG-503396,USR-2075,2024-04-30,Swimming,22,817,19244,76,7.1,1.2,4
LOG-501668,USR-2149,2024-04-30,Walking,72,295,5577,138,4.1,3.3,4
LOG-502168,USR-2261,2024-05-01,Gym Workout,24,112,19897,167,8.6,2.8,1
LOG-503256,USR-2232,2024-05-01,Running,116,268,3820,151,5.6,2.3,4
LOG-500523,USR-2291,2024-05-01,Running,82,719,8305,113,8.0,3.6,3
LOG-501374,USR-2169,2024-05-01,Cycling,104,541,5415,146,4.7,3.5,5
LOG-501682,USR-2202,2024-05-01,Gym Workout,103,124,5301,73,8.6,0.5,5
LOG-502506,USR-2290,2024-05-01,Cycling,77,359,14743,106,4.1,2.7,2
LOG-500600,USR-2205,2024-05-01,HIIT,31,351,17519,115,4.5,2.7,4
LOG-500704,USR-2175,2024-05-01,HIIT,12,831,1767,168,5.1,0.6,2
LOG-500673,USR-2105,2024-05-01,Swimming,28,138,7360,99,5.8,3.7,5
LOG-500502,USR-2074,2024-05-01,Swimming,83,286,19998,134,4.7,2.6,5
LOG-503362,USR-2167,2024-05-01,Running,76,392,13882,161,5.1,0.8,5
LOG-503166,USR-2140,2024-05-01,Gym Workout,109,737,10322,120,6.0,0.8,4
LOG-502067,USR-2048,2024-05-02,Cycling,31,469,12666,157,5.8,0.9,5
LOG-503146,USR-2259,2024-05-02,HIIT,41,342,11373,156,5.1,2.8,4
LOG-501636,USR-2211,2024-05-02,Swimming,49,862,1649,109,7.7,1.0,3
LOG-501779,USR-2098,2024-05-02,HIIT,98,783,15139,171,5.7,1.1,2
LOG-502137,USR-2012,2024-05-02,Cycling,41,178,17237,91,6.3,1.7,5
LOG-501199,USR-2194,2024-05-02,Running,101,629,2136,77,7.4,1.6,5
LOG-503224,USR-2051,2024-05-02,Running,54,704,6213,86,6.4,2.8,4
LOG-502893,USR-2091,2024-05-02,Cycling,51,221,12132,146,6.4,3.6,2
LOG-501970,USR-2001,2024-05-02,Walking,36,874,9518,141,6.1,2.5,3
LOG-501404,USR-2068,2024-05-02,Swimming,119,755,18851,88,7.3,1.1,1
LOG-500934,USR-2294,2024-05-02,Walking,96,178,15262,179,8.6,3.1,1
LOG-500360,USR-2083,2024-05-02,Gym Workout,10,316,5757,171,7.9,1.4,1
LOG-503344,USR-2042,2024-05-02,Cycling,103,238,9011,128,4.4,2.1,4
LOG-500402,USR-2208,2024-05-02,Swimming,83,308,4450,141,4.6,3.0,2
LOG-500126,USR-2146,2024-05-02,Walking,30,748,1644,103,7.0,1.1,4
LOG-500111,USR-2035,2024-05-02,Swimming,79,393,15855,167,5.3,3.4,2
LOG-501192,USR-2216,2024-05-02,HIIT,111,307,15493,102,8.7,2.0,5
LOG-500471,USR-2093,2024-05-02,HIIT,108,204,2115,138,7.4,2.7,4
LOG-500812,USR-2299,2024-05-03,Gym Workout,49,708,6974,98,4.7,1.0,3
LOG-500145,USR-2206,2024-05-03,Walking,90,803,14821,166,8.8,0.7,1
LOG-502782,USR-2203,2024-05-03,Cycling,22,81,5084,179,6.0,3.6,5
LOG-502056,USR-2296,2024-05-03,Running,22,757,1705,168,8.2,1.9,4
LOG-503019,USR-2253,2024-05-03,Gym Workout,76,640,17780,116,5.4,1.0,2
LOG-502722,USR-2251,2024-05-03,HIIT,38,98,19576,85,6.6,2.2,1
LOG-503458,USR-2272,2024-05-03,Cycling,80,845,17472,71,8.5,0.7,4
LOG-501543,USR-2026,2024-05-03,Swimming,65,125,7661,153,5.3,1.4,1
LOG-502461,USR-2052,2024-05-03,Cycling,43,824,15509,88,4.7,3.1,4
LOG-503253,USR-2003,2024-05-04,Gym Workout,75,150,15606,150,7.3,0.5,4
LOG-501278,USR-2081,2024-05-04,Walking,69,151,8174,130,8.3,3.9,3
LOG-502649,USR-2120,2024-05-04,Yoga,49,181,10057,133,8.6,3.0,5
LOG-503058,USR-2209,2024-05-04,Swimming,52,345,9488,139,7.1,3.3,2
LOG-501903,USR-2247,2024-05-04,HIIT,22,104,11776,74,4.9,1.3,3
LOG-501400,USR-2122,2024-05-04,Swimming,91,52,8159,115,8.2,2.7,2
LOG-503472,USR-2238,2024-05-04,Yoga,115,646,13328,100,6.5,2.6,5
LOG-501140,USR-2077,2024-05-04,Walking,81,366,4141,164,4.9,1.5,1
LOG-500721,USR-2153,2024-05-05,Running,48,615,16404,164,8.6,2.1,3
LOG-501604,USR-2242,2024-05-05,Walking,79,259,5191,123,6.3,3.7,1
LOG-500490,USR-2281,2024-05-05,Running,50,808,10478,111,8.5,3.3,5
LOG-500856,USR-2064,2024-05-05,Running,18,819,17352,169,7.1,3.5,5
LOG-501522,USR-2040,2024-05-05,Yoga,103,237,8173,165,4.5,0.8,3
LOG-500885,USR-2194,2024-05-05,Cycling,26,574,10005,95,5.6,1.1,2
LOG-500109,USR-2277,2024-05-05,Cycling,18,759,9982,99,5.2,1.1,2
LOG-501060,USR-2122,2024-05-05,Yoga,17,843,3762,119,6.0,1.2,4
LOG-501488,USR-2234,2024-05-05,Walking,97,470,5094,94,8.5,0.9,2
LOG-500801,USR-2131,2024-05-05,Swimming,47,184,5000,96,4.4,2.0,2
LOG-500584,USR-2163,2024-05-05,Running,45,614,4590,107,8.4,4.0,4
LOG-500969,USR-2186,2024-05-05,Walking,110,792,10232,73,4.0,3.6,1
LOG-500669,USR-2163,2024-05-06,Yoga,118,516,8392,118,4.3,0.7,3
LOG-500553,USR-2102,2024-05-06,Gym Workout,67,364,17820,155,8.4,0.6,5
LOG-502584,USR-2299,2024-05-06,Cycling,92,802,3451,176,8.8,2.7,1
LOG-502170,USR-2253,2024-05-06,Yoga,104,609,17095,77,5.0,3.4,5
LOG-501105,USR-2154,2024-05-06,Gym Workout,60,157,5384,102,5.3,3.3,1
LOG-502754,USR-2216,2024-05-06,Swimming,45,796,5878,128,4.3,1.7,2
LOG-501020,USR-2250,2024-05-06,Yoga,117,272,10039,158,4.2,1.2,3
LOG-500443,USR-2189,2024-05-06,Gym Workout,13,897,13593,95,4.4,3.6,3
LOG-502508,USR-2165,2024-05-06,HIIT,42,728,9602,175,6.1,3.2,4
LOG-503406,USR-2292,2024-05-06,Running,76,649,4436,168,6.2,3.3,2
LOG-501370,USR-2166,2024-05-07,Cycling,101,835,12643,164,5.6,1.1,5
LOG-500064,USR-2038,2024-05-07,Walking,36,292,14202,126,5.1,4.0,4
LOG-502602,USR-2161,2024-05-07,Swimming,117,729,13916,100,7.9,2.5,1
LOG-502632,USR-2297,2024-05-07,Swimming,108,92,3998,85,4.3,1.0,3
LOG-503207,USR-2087,2024-05-07,Gym Workout,104,199,17015,83,4.8,3.2,4
LOG-502987,USR-2294,2024-05-07,Gym Workout,34,892,583,148,4.1,3.5,5
LOG-500612,USR-2167,2024-05-07,Swimming,52,827,18614,175,4.2,3.1,4
LOG-500089,USR-2254,2024-05-07,Running,72,300,5856,140,4.6,1.4,1
LOG-503322,USR-2216,2024-05-07,Walking,100,109,13417,88,4.8,2.4,5
LOG-503085,USR-2236,2024-05-07,Cycling,63,723,9881,133,4.6,3.3,4
LOG-502708,USR-2111,2024-05-07,Swimming,76,318,2152,128,4.7,3.4,5
LOG-502073,USR-2289,2024-05-07,HIIT,83,63,13581,123,7.8,1.2,3
LOG-503310,USR-2114,2024-05-07,Yoga,114,685,4352,81,4.5,2.5,1
LOG-502174,USR-2222,2024-05-08,HIIT,100,406,16557,140,5.3,3.0,1
LOG-501938,USR-2217,2024-05-08,HIIT,41,216,12916,145,8.2,2.6,1
LOG-500790,USR-2225,2024-05-08,Swimming,66,587,2599,105,6.2,3.6,5
LOG-502656,USR-2065,2024-05-08,Cycling,20,878,3585,165,7.4,2.2,4
LOG-503266,USR-2203,2024-05-08,Swimming,111,65,7576,122,8.5,3.1,3
LOG-502837,USR-2064,2024-05-08,Yoga,35,128,14163,156,5.2,1.1,5
LOG-500547,USR-2052,2024-05-08,Running,48,822,13379,123,7.6,3.5,1
LOG-502337,USR-2000,2024-05-08,Running,75,655,9403,145,5.2,2.9,4
LOG-502415,USR-2251,2024-05-08,Swimming,41,418,8816,113,5.0,2.4,2
LOG-502440,USR-2178,2024-05-08,Walking,57,445,11008,174,5.5,2.5,5
LOG-503179,USR-2120,2024-05-08,Yoga,92,794,793,95,6.2,3.4,3
LOG-503480,USR-2284,2024-05-08,Walking,21,213,15577,96,8.4,2.6,2
LOG-501170,USR-2125,2024-05-08,Cycling,59,785,8874,110,7.4,1.3,5
LOG-502614,USR-2062,2024-05-08,Swimming,54,256,5689,157,8.8,1.1,4
LOG-503398,USR-2157,2024-05-08,Cycling,30,693,10536,126,6.5,3.3,3
LOG-500045,USR-2275,2024-05-09,Swimming,64,604,2021,165,4.8,3.7,1
LOG-502092,USR-2090,2024-05-09,Cycling,110,390,14465,109,7.2,3.6,5
LOG-500379,USR-2199,2024-05-09,HIIT,21,576,2831,144,5.2,3.7,5
LOG-502595,USR-2075,2024-05-09,Running,71,265,1951,177,4.1,0.8,5
LOG-501463,USR-2255,2024-05-09,Running,62,275,6150,171,5.4,4.0,5
LOG-503347,USR-2291,2024-05-09,Walking,28,81,12164,77,7.4,2.2,3
LOG-500080,USR-2261,2024-05-09,Gym Workout,63,228,13426,105,8.6,2.4,1
LOG-501242,USR-2107,2024-05-09,Gym Workout,70,750,19678,78,6.7,2.2,2
LOG-500166,USR-2245,2024-05-10,Yoga,41,187,12891,110,5.2,3.8,3
LOG-502733,USR-2289,2024-05-10,Yoga,30,536,10288,90,4.2,3.6,3
LOG-500715,USR-2101,2024-05-10,Running,38,532,1460,165,6.4,0.9,5
LOG-502953,USR-2032,2024-05-10,Gym Workout,12,362,15381,147,5.8,0.7,5
LOG-500563,USR-2272,2024-05-10,Running,11,355,16527,74,5.5,1.1,4
LOG-503232,USR-2180,2024-05-10,Walking,20,428,14466,93,6.2,3.8,5
LOG-500104,USR-2113,2024-05-10,HIIT,69,673,17665,87,8.8,1.5,3
LOG-502077,USR-2019,2024-05-10,Yoga,81,362,11511,173,4.0,1.6,5
LOG-500261,USR-2273,2024-05-10,Walking,35,518,9019,158,7.2,1.1,5
LOG-500493,USR-2028,2024-05-10,Gym Workout,33,724,4427,118,6.8,1.1,5
LOG-501273,USR-2101,2024-05-10,Cycling,68,406,15191,114,4.6,3.9,2
LOG-500275,USR-2038,2024-05-11,Swimming,59,805,1066,133,5.9,1.1,1
LOG-501024,USR-2000,2024-05-11,Running,43,535,10004,134,6.9,1.3,1
LOG-501238,USR-2002,2024-05-11,Walking,15,460,12119,96,4.6,1.7,5
LOG-500583,USR-2216,2024-05-11,Gym Workout,39,112,15785,71,4.6,2.6,4
LOG-501469,USR-2289,2024-05-11,Walking,63,71,18301,100,5.2,0.8,2
LOG-502052,USR-2296,2024-05-11,HIIT,106,784,3626,134,7.8,0.8,3
LOG-502214,USR-2123,2024-05-11,Walking,37,519,1491,72,4.3,1.4,4
LOG-503387,USR-2041,2024-05-11,Walking,53,178,4555,164,4.5,2.5,5
LOG-500188,USR-2298,2024-05-11,HIIT,84,417,6437,153,5.6,3.5,3
LOG-501646,USR-2091,2024-05-11,Swimming,45,307,4196,101,4.4,2.9,2
LOG-503102,USR-2155,2024-05-11,Yoga,67,848,2187,70,6.8,3.2,1
LOG-502207,USR-2232,2024-05-11,Running,92,793,14343,101,8.0,3.1,3
LOG-502709,USR-2247,2024-05-11,Running,38,462,15671,149,5.9,3.1,3
LOG-501236,USR-2165,2024-05-11,Cycling,28,211,9537,76,5.9,3.8,4
LOG-502389,USR-2096,2024-05-11,Gym Workout,28,210,9462,92,8.7,2.7,5
LOG-500581,USR-2033,2024-05-11,Gym Workout,100,446,9342,82,5.1,2.9,1
LOG-501842,USR-2072,2024-05-12,Yoga,40,280,15150,107,6.6,1.8,1
LOG-502587,USR-2103,2024-05-12,Cycling,114,422,19316,82,4.9,3.0,2
LOG-500549,USR-2065,2024-05-12,Swimming,117,261,5376,134,6.6,1.3,1
LOG-502029,USR-2048,2024-05-12,HIIT,15,543,18201,119,4.7,2.7,2
LOG-500349,USR-2009,2024-05-12,Walking,42,816,14013,86,5.1,1.8,3
LOG-500344,USR-2014,2024-05-12,Running,21,472,16393,89,5.4,4.0,3
LOG-502103,USR-2295,2024-05-12,Yoga,17,756,13209,136,7.5,0.6,5
LOG-502107,USR-2258,2024-05-12,Swimming,14,703,5530,81,5.8,2.8,4
LOG-502060,USR-2053,2024-05-12,HIIT,98,161,1297,75,7.3,0.9,1
LOG-500986,USR-2156,2024-05-13,Cycling,42,891,15386,148,6.0,0.9,3
LOG-502146,USR-2254,2024-05-13,Swimming,97,201,15108,164,4.7,3.0,3
LOG-500127,USR-2054,2024-05-13,Cycling,114,207,9782,96,4.5,1.6,5
LOG-502783,USR-2043,2024-05-13,Running,30,604,10601,105,6.4,3.3,1
LOG-501212,USR-2169,2024-05-14,Walking,65,132,9163,168,4.6,3.2,5
LOG-502786,USR-2232,2024-05-14,Swimming,99,667,6007,157,4.9,2.9,5
LOG-502758,USR-2297,2024-05-14,Swimming,46,164,15493,101,7.7,1.3,4
LOG-502653,USR-2299,2024-05-14,Gym Workout,72,652,15118,145,5.0,2.3,3
LOG-502323,USR-2116,2024-05-14,Walking,67,831,10503,97,4.3,1.1,4
LOG-500458,USR-2107,2024-05-14,Walking,115,500,7987,117,6.9,1.5,2
LOG-503361,USR-2279,2024-05-14,Running,16,101,13691,126,4.6,1.0,2
LOG-502434,USR-2071,2024-05-14,Running,58,225,14767,93,8.5,0.7,3
LOG-502982,USR-2184,2024-05-14,HIIT,36,462,18464,78,5.2,0.9,3
LOG-502008,USR-2172,2024-05-14,HIIT,84,374,18546,108,6.2,2.4,5
LOG-501031,USR-2070,2024-05-15,Yoga,74,774,15168,162,4.5,3.1,3
LOG-502135,USR-2078,2024-05-15,HIIT,69,763,4016,72,7.2,2.7,2
LOG-503355,USR-2048,2024-05-15,Walking,86,851,3985,94,4.1,1.1,3
LOG-502324,USR-2208,2024-05-15,Gym Workout,98,354,10264,168,6.4,1.4,5
LOG-501739,USR-2230,2024-05-15,Walking,82,886,14467,75,4.9,1.8,4
LOG-503252,USR-2084,2024-05-16,Walking,94,834,11402,175,5.7,2.6,3
LOG-502322,USR-2139,2024-05-16,HIIT,55,843,13604,166,8.0,3.8,5
LOG-500327,USR-2211,2024-05-16,Gym Workout,52,484,1518,119,5.6,1.5,3
LOG-501856,USR-2126,2024-05-16,HIIT,119,160,8733,114,5.4,1.8,4
LOG-502630,USR-2157,2024-05-16,Walking,37,546,19403,158,4.0,2.6,2
LOG-503305,USR-2258,2024-05-16,Swimming,69,527,19216,175,6.1,0.9,1
LOG-501312,USR-2084,2024-05-16,Running,19,107,8022,159,8.1,2.3,3
LOG-502018,USR-2110,2024-05-16,HIIT,19,833,1906,110,5.6,2.6,1
LOG-500157,USR-2298,2024-05-16,HIIT,80,255,719,86,7.0,2.1,4
LOG-501276,USR-2042,2024-05-16,Swimming,12,537,14436,72,7.4,2.2,1
LOG-503138,USR-2144,2024-05-17,Swimming,34,148,1334,76,4.3,3.9,3
LOG-502198,USR-2283,2024-05-17,Cycling,92,306,3131,106,6.1,1.6,3
LOG-500014,USR-2283,2024-05-17,Running,76,55,5379,143,4.8,1.3,5
LOG-501653,USR-2166,2024-05-17,Running,81,333,14329,97,7.1,2.7,2
LOG-501112,USR-2141,2024-05-17,Swimming,86,549,12061,77,5.9,3.0,2
LOG-500250,USR-2123,2024-05-17,Walking,58,721,14264,121,7.2,2.0,5
LOG-501509,USR-2067,2024-05-18,Gym Workout,116,316,4030,118,6.7,3.9,4
LOG-501959,USR-2006,2024-05-18,HIIT,40,56,4922,149,8.1,3.9,5
LOG-502261,USR-2240,2024-05-18,Walking,77,527,13541,162,5.5,2.4,1
LOG-502960,USR-2052,2024-05-18,Running,86,63,13187,168,8.7,2.2,3
LOG-500317,USR-2035,2024-05-18,Cycling,44,818,8568,145,5.8,2.8,4
LOG-501962,USR-2191,2024-05-18,Cycling,71,215,6790,156,5.1,1.5,4
LOG-501245,USR-2041,2024-05-18,HIIT,55,707,13064,87,4.9,2.7,4
LOG-500059,USR-2161,2024-05-18,Walking,80,353,912,100,4.8,0.8,1
LOG-500588,USR-2073,2024-05-18,Walking,44,195,12032,109,4.3,3.3,4
LOG-501638,USR-2009,2024-05-18,Gym Workout,25,111,10906,177,5.9,1.3,3
LOG-501773,USR-2059,2024-05-18,Gym Workout,40,117,4773,104,4.5,2.8,1
LOG-500110,USR-2132,2024-05-18,Cycling,116,325,9076,151,8.3,2.9,5
LOG-502033,USR-2048,2024-05-18,HIIT,17,259,12125,143,4.3,1.0,4
LOG-502482,USR-2264,2024-05-18,Swimming,55,620,7268,73,5.1,3.6,5
LOG-500933,USR-2242,2024-05-18,HIIT,113,588,5608,116,4.4,1.4,2
LOG-503432,USR-2121,2024-05-18,Walking,54,637,13547,126,7.1,3.3,4
LOG-500737,USR-2179,2024-05-19,Cycling,14,493,9585,115,4.7,0.7,2
LOG-502215,USR-2027,2024-05-19,Yoga,13,837,7151,132,5.1,0.8,5
LOG-501670,USR-2074,2024-05-19,Yoga,61,866,13884,175,8.4,2.1,1
LOG-500843,USR-2126,2024-05-19,Cycling,104,385,655,165,7.7,3.8,2
LOG-503237,USR-2179,2024-05-19,Yoga,19,824,16189,71,8.5,3.2,2
LOG-501804,USR-2260,2024-05-19,Swimming,24,463,14567,175,7.1,2.9,1
LOG-500115,USR-2244,2024-05-19,Yoga,10,180,16487,90,8.6,2.0,1
LOG-502862,USR-2198,2024-05-19,Running,25,189,16465,91,5.9,2.8,4
LOG-502280,USR-2136,2024-05-20,Swimming,42,194,9324,86,6.7,1.1,3
LOG-500868,USR-2159,2024-05-20,HIIT,72,77,7579,132,7.9,0.5,4
LOG-502086,USR-2206,2024-05-20,Swimming,27,154,7160,168,4.7,1.0,1
LOG-500096,USR-2090,2024-05-20,HIIT,15,599,18474,149,6.9,3.6,2
LOG-502364,USR-2044,2024-05-20,Running,115,356,14473,165,8.9,1.6,4
LOG-502913,USR-2136,2024-05-20,Gym Workout,98,796,4287,112,7.6,1.5,3
LOG-502858,USR-2198,2024-05-20,Cycling,115,223,19969,103,7.7,3.3,1
LOG-501487,USR-2229,2024-05-20,Yoga,112,849,6935,115,5.8,2.2,1
LOG-502104,USR-2140,2024-05-20,HIIT,100,187,919,84,4.1,3.3,2
LOG-502447,USR-2231,2024-05-20,Walking,25,559,4346,80,6.3,2.1,4
LOG-500414,USR-2066,2024-05-21,Walking,38,540,19862,131,6.0,3.1,3
LOG-502984,USR-2186,2024-05-21,HIIT,115,806,4755,136,8.8,2.7,4
LOG-501323,USR-2164,2024-05-21,Swimming,67,509,3817,115,5.4,1.4,1
LOG-503311,USR-2019,2024-05-21,HIIT,97,762,19234,160,8.3,2.5,1
LOG-500480,USR-2179,2024-05-21,Gym Workout,77,767,13415,85,4.9,0.9,3
LOG-502229,USR-2042,2024-05-21,Swimming,107,472,1826,141,4.4,3.4,3
LOG-502423,USR-2183,2024-05-21,Gym Workout,28,321,14226,161,8.4,2.2,5
LOG-501949,USR-2275,2024-05-21,Swimming,21,126,10826,86,7.8,1.6,3
LOG-502156,USR-2124,2024-05-21,Swimming,25,190,3886,169,7.7,3.4,3
LOG-501822,USR-2075,2024-05-22,Cycling,30,637,10073,128,8.4,1.3,4
LOG-500405,USR-2047,2024-05-22,Gym Workout,56,591,17640,134,4.7,1.3,5
LOG-501782,USR-2158,2024-05-22,Cycling,97,873,17957,117,4.3,3.7,4
LOG-502781,USR-2125,2024-05-23,Cycling,89,233,9120,72,8.9,1.3,5
LOG-502485,USR-2219,2024-05-23,Running,17,379,13846,100,6.8,4.0,2
LOG-501096,USR-2257,2024-05-23,HIIT,110,537,4248,82,8.5,3.8,1
LOG-503293,USR-2076,2024-05-23,HIIT,61,866,14490,151,7.9,2.7,4
LOG-502350,USR-2053,2024-05-23,Gym Workout,100,114,11879,91,5.4,3.4,3
LOG-500206,USR-2047,2024-05-23,HIIT,17,318,19786,122,5.9,3.5,2
LOG-500290,USR-2186,2024-05-23,Yoga,105,433,13145,178,4.1,3.6,4
LOG-503297,USR-2052,2024-05-23,HIIT,43,720,17966,84,8.3,2.7,4
LOG-500841,USR-2181,2024-05-23,Yoga,52,204,12507,131,7.1,1.4,3
LOG-503395,USR-2221,2024-05-23,Swimming,51,736,1545,87,6.4,2.8,3
LOG-501563,USR-2001,2024-05-23,Running,26,351,2531,107,6.0,0.8,2
LOG-500602,USR-2266,2024-05-23,Running,78,382,8960,112,7.1,3.5,2
LOG-500128,USR-2287,2024-05-24,Running,88,382,15703,158,4.4,3.1,2
LOG-500223,USR-2219,2024-05-24,Swimming,45,437,10077,143,6.7,0.9,3
LOG-500582,USR-2255,2024-05-24,HIIT,117,99,11036,126,4.6,3.2,3
LOG-502644,USR-2012,2024-05-24,Yoga,72,748,1447,141,7.3,2.1,2
LOG-501381,USR-2212,2024-05-24,Swimming,100,59,10983,133,8.7,0.7,5
LOG-501836,USR-2279,2024-05-24,Gym Workout,57,659,15802,70,5.4,3.1,4
LOG-503301,USR-2002,2024-05-24,Cycling,107,536,6854,106,5.1,2.7,4
LOG-502925,USR-2085,2024-05-24,Cycling,77,83,11095,115,5.8,3.5,3
LOG-501345,USR-2044,2024-05-24,HIIT,97,787,15284,95,4.0,1.4,3
LOG-502449,USR-2011,2024-05-24,Cycling,45,669,3646,130,7.5,2.4,4
LOG-500846,USR-2016,2024-05-24,HIIT,12,812,9538,71,6.7,2.3,2
LOG-501072,USR-2004,2024-05-25,HIIT,87,51,13624,165,8.4,3.4,1
LOG-500850,USR-2279,2024-05-25,Running,93,442,19800,102,8.2,1.3,2
LOG-501038,USR-2299,2024-05-25,Swimming,65,822,7250,81,4.9,4.0,4
LOG-501596,USR-2015,2024-05-25,Gym Workout,30,425,17546,157,5.8,2.7,1
LOG-503461,USR-2099,2024-05-25,Running,56,466,1198,121,4.2,1.9,4
LOG-501224,USR-2232,2024-05-25,Gym Workout,79,831,11054,83,5.8,3.0,1
LOG-502792,USR-2183,2024-05-25,Cycling,20,575,11968,126,7.0,2.8,1
LOG-502493,USR-2233,2024-05-25,Cycling,83,464,19117,172,7.2,1.1,1
LOG-501557,USR-2050,2024-05-25,Gym Workout,65,420,3950,154,5.7,1.5,2
LOG-501365,USR-2144,2024-05-25,Yoga,30,469,19349,86,5.2,3.5,1
LOG-500369,USR-2274,2024-05-26,Walking,53,574,19438,90,4.0,3.1,5
LOG-503404,USR-2060,2024-05-26,Walking,83,271,18908,116,4.1,1.2,1
LOG-500695,USR-2276,2024-05-26,Gym Workout,108,295,17008,82,7.6,2.0,2
LOG-500033,USR-2020,2024-05-26,HIIT,35,607,18433,169,7.4,0.7,4
LOG-501769,USR-2023,2024-05-26,Yoga,108,339,7162,134,6.1,3.1,3
LOG-500210,USR-2013,2024-05-26,Walking,37,804,17585,174,7.3,1.2,1
LOG-501166,USR-2205,2024-05-26,HIIT,14,665,7967,108,4.2,1.0,5
LOG-503002,USR-2156,2024-05-26,Cycling,87,132,11873,130,4.8,2.8,2
LOG-501016,USR-2262,2024-05-26,Swimming,111,234,18871,151,4.4,1.6,2
LOG-500930,USR-2028,2024-05-26,HIIT,63,456,2578,114,5.3,1.8,4
LOG-501741,USR-2284,2024-05-26,Swimming,99,589,1322,129,5.3,3.2,3
LOG-501130,USR-2252,2024-05-27,Walking,113,161,17201,150,6.1,1.4,4
LOG-500094,USR-2178,2024-05-27,Walking,107,71,2122,111,4.4,1.5,4
LOG-500236,USR-2264,2024-05-27,Yoga,57,587,12841,71,5.9,3.1,1
LOG-501925,USR-2121,2024-05-27,Walking,56,314,16533,77,7.8,1.7,4
LOG-500858,USR-2091,2024-05-27,HIIT,16,825,9415,121,8.0,1.8,5
LOG-501902,USR-2014,2024-05-27,HIIT,14,336,14753,76,6.8,3.3,5
LOG-500570,USR-2280,2024-05-27,HIIT,33,319,15174,89,4.4,3.4,3
LOG-500786,USR-2241,2024-05-27,Walking,70,889,1255,117,5.8,1.7,4
LOG-502405,USR-2044,2024-05-27,Gym Workout,28,872,1948,117,5.8,3.1,2
LOG-501699,USR-2167,2024-05-27,Running,112,262,19290,77,6.8,3.3,1
LOG-500520,USR-2060,2024-05-27,Walking,117,440,1667,109,6.6,2.8,5
LOG-500211,USR-2245,2024-05-27,Cycling,65,659,15465,78,8.7,1.5,4
LOG-502524,USR-2036,2024-05-28,Yoga,42,590,15922,126,4.4,0.9,3
LOG-501033,USR-2188,2024-05-28,Cycling,39,442,8188,170,7.6,1.3,4
LOG-501558,USR-2191,2024-05-28,HIIT,57,505,11405,98,6.3,0.8,5
LOG-500066,USR-2041,2024-05-28,Walking,104,106,2229,146,9.0,1.0,5
LOG-502633,USR-2094,2024-05-28,Cycling,108,190,16058,169,4.2,3.7,5
LOG-501724,USR-2194,2024-05-28,Yoga,22,253,1582,81,4.4,2.3,2
LOG-500551,USR-2274,2024-05-29,Yoga,91,355,19948,155,4.1,1.5,1
LOG-500789,USR-2221,2024-05-29,Gym Workout,99,803,10849,130,6.5,3.1,4
LOG-503029,USR-2035,2024-05-29,Gym Workout,35,562,4239,103,5.2,2.9,5
LOG-502616,USR-2163,2024-05-29,Yoga,46,477,8301,103,5.1,0.8,4
LOG-500707,USR-2265,2024-05-29,Gym Workout,48,810,4052,81,4.9,2.8,3
LOG-502678,USR-2168,2024-05-29,Cycling,106,419,2348,169,6.5,2.5,1
LOG-501833,USR-2271,2024-05-29,Swimming,60,538,6166,157,7.3,3.3,2
LOG-500358,USR-2033,2024-05-29,HIIT,60,302,16411,140,4.4,2.8,3
LOG-500037,USR-2238,2024-05-29,Walking,111,184,2548,132,6.0,2.9,2
LOG-501520,USR-2081,2024-05-29,Cycling,97,823,2725,123,7.0,2.7,2
LOG-501125,USR-2128,2024-05-30,Swimming,69,845,7470,106,6.6,0.7,3
LOG-501071,USR-2131,2024-05-30,Running,92,249,14895,136,8.6,1.5,2
LOG-502640,USR-2023,2024-05-30,HIIT,58,58,8457,149,7.9,2.0,1
LOG-502791,USR-2161,2024-05-30,Yoga,41,124,5641,147,5.3,1.4,3
LOG-501259,USR-2059,2024-05-30,Swimming,47,764,13332,127,6.4,1.6,5
LOG-500889,USR-2133,2024-05-30,Yoga,77,189,6917,149,7.7,0.7,3
LOG-501203,USR-2187,2024-05-30,HIIT,105,292,12149,160,8.5,3.8,1
LOG-500413,USR-2123,2024-05-30,Running,53,845,14304,86,8.4,3.5,5
LOG-501022,USR-2061,2024-05-30,Yoga,20,739,7249,138,6.2,0.7,4
LOG-501546,USR-2144,2024-05-31,Swimming,62,892,19542,100,7.8,3.1,4
LOG-501948,USR-2082,2024-05-31,Running,106,325,15122,109,6.3,3.9,2
LOG-502843,USR-2002,2024-05-31,Yoga,55,769,7893,166,4.2,3.3,2
LOG-502598,USR-2089,2024-05-31,Running,81,774,18433,115,8.8,3.6,1
LOG-500848,USR-2024,2024-05-31,Running,91,271,18152,85,5.3,1.4,2
LOG-500963,USR-2118,2024-05-31,Yoga,104,893,17524,98,4.3,3.8,5
LOG-500586,USR-2201,2024-05-31,Walking,75,419,4807,143,7.1,3.2,3
LOG-503047,USR-2155,2024-05-31,Gym Workout,69,882,19286,138,7.0,2.8,5
LOG-501118,USR-2057,2024-05-31,Cycling,44,414,9322,172,5.9,2.4,4
LOG-502504,USR-2157,2024-05-31,Yoga,105,223,10805,103,6.6,1.2,3
LOG-502788,USR-2136,2024-05-31,Gym Workout,16,641,5206,133,7.8,1.5,4
LOG-500438,USR-2169,2024-06-01,Yoga,105,751,19996,90,5.3,0.6,5
LOG-501258,USR-2112,2024-06-01,HIIT,39,706,4079,178,8.5,2.6,4
LOG-503337,USR-2182,2024-06-01,Yoga,100,124,19719,72,8.6,3.8,3
LOG-501032,USR-2042,2024-06-01,HIIT,95,771,17672,152,7.2,3.8,4
LOG-500800,USR-2048,2024-06-01,Gym Workout,54,176,8808,101,4.4,2.1,1
LOG-502918,USR-2283,2024-06-01,Walking,78,663,12398,121,5.6,1.8,1
LOG-503208,USR-2129,2024-06-01,Yoga,36,403,15970,104,6.1,2.8,3
LOG-501196,USR-2140,2024-06-01,Yoga,41,889,15127,91,5.3,1.3,4
LOG-502152,USR-2073,2024-06-02,Walking,26,796,6356,88,4.2,2.4,4
LOG-500347,USR-2008,2024-06-02,HIIT,98,145,13248,126,4.7,3.5,5
LOG-501900,USR-2235,2024-06-02,Cycling,82,181,10349,89,4.7,2.8,1
LOG-503032,USR-2223,2024-06-02,HIIT,69,743,3709,101,6.4,0.7,3
LOG-503304,USR-2197,2024-06-02,Gym Workout,98,738,6755,111,7.0,1.6,3
LOG-502802,USR-2231,2024-06-02,Cycling,112,322,18164,134,6.8,2.7,4
LOG-502150,USR-2099,2024-06-02,Swimming,63,574,17925,136,6.2,1.7,2
LOG-502006,USR-2002,2024-06-02,Swimming,71,218,17820,97,5.5,0.6,3
LOG-501158,USR-2057,2024-06-02,Yoga,24,751,3938,118,6.8,2.7,4
LOG-501497,USR-2111,2024-06-02,Walking,37,855,5604,82,7.7,2.1,4
LOG-500628,USR-2015,2024-06-03,HIIT,114,65,18159,148,6.1,0.9,1
LOG-502695,USR-2288,2024-06-03,HIIT,53,885,3333,142,6.6,0.5,1
LOG-501914,USR-2010,2024-06-03,Yoga,104,241,5978,148,8.8,1.7,2
LOG-500643,USR-2081,2024-06-03,Cycling,40,857,13486,101,5.5,0.8,3
LOG-502084,USR-2213,2024-06-03,Walking,83,316,12633,83,8.2,3.7,4
LOG-500466,USR-2033,2024-06-03,Swimming,44,119,18905,168,8.6,2.1,1
LOG-501355,USR-2129,2024-06-03,Cycling,36,601,9367,129,8.5,1.0,4
LOG-502859,USR-2030,2024-06-03,HIIT,42,364,19302,86,6.2,1.8,4
LOG-503474,USR-2029,2024-06-03,Cycling,115,841,12483,146,7.1,0.6,4
LOG-503160,USR-2016,2024-06-03,Walking,81,361,14949,84,7.8,0.9,2
LOG-500173,USR-2099,2024-06-03,Running,72,634,11290,135,8.1,1.1,3
LOG-500955,USR-2142,2024-06-04,Swimming,55,89,1084,75,4.7,0.9,4
LOG-500216,USR-2273,2024-06-04,Swimming,20,710,13307,116,4.9,3.7,2
LOG-501538,USR-2003,2024-06-04,Walking,93,209,14484,120,6.3,3.9,2
LOG-500163,USR-2036,2024-06-04,Walking,73,468,2995,125,8.2,3.2,1
LOG-501717,USR-2226,2024-06-04,Gym Workout,71,665,10036,129,5.5,1.2,5
LOG-502068,USR-2048,2024-06-04,Yoga,98,230,729,135,6.5,3.0,4
LOG-502396,USR-2199,2024-06-04,Yoga,85,811,9699,118,4.2,2.3,3
LOG-501047,USR-2052,2024-06-04,Swimming,26,322,6824,142,5.4,3.9,5
LOG-500557,USR-2019,2024-06-04,HIIT,12,422,1069,167,6.6,2.2,5
LOG-503376,USR-2160,2024-06-04,Gym Workout,75,120,8936,162,6.7,1.2,5
LOG-500771,USR-2012,2024-06-04,Walking,113,796,6225,85,5.8,3.8,4
LOG-500020,USR-2160,2024-06-04,HIIT,88,517,3064,137,6.1,3.9,1
LOG-501960,USR-2093,2024-06-04,Swimming,97,835,2182,94,4.3,2.0,5
LOG-500506,USR-2275,2024-06-05,Cycling,13,323,16424,159,5.6,0.8,4
LOG-501560,USR-2045,2024-06-05,Swimming,44,844,822,177,4.9,2.7,3
LOG-501026,USR-2217,2024-06-05,Swimming,65,124,9402,84,4.4,1.6,5
LOG-502151,USR-2295,2024-06-05,Gym Workout,37,815,7817,176,7.8,3.6,2
LOG-503350,USR-2295,2024-06-05,Swimming,119,396,8189,141,6.2,0.7,4
LOG-502717,USR-2153,2024-06-05,HIIT,63,233,12703,95,6.4,2.1,2
LOG-500249,USR-2139,2024-06-05,Swimming,118,384,14173,174,4.5,4.0,3
LOG-500432,USR-2269,2024-06-05,Walking,88,628,16770,95,4.2,1.5,3
LOG-503227,USR-2253,2024-06-06,Gym Workout,111,415,18741,140,7.9,3.6,1
LOG-503131,USR-2005,2024-06-06,Cycling,72,380,13447,76,8.2,1.7,4
LOG-503069,USR-2264,2024-06-06,Swimming,44,757,6304,110,8.6,0.7,5
LOG-500960,USR-2291,2024-06-06,HIIT,101,563,8329,142,7.6,2.2,3
LOG-500190,USR-2026,2024-06-06,HIIT,20,837,6549,92,7.2,1.8,4
LOG-501191,USR-2057,2024-06-06,Yoga,113,578,3386,101,4.8,1.4,5
LOG-500287,USR-2072,2024-06-06,Swimming,119,308,780,86,8.7,2.3,5
LOG-501037,USR-2079,2024-06-06,Swimming,15,163,4750,118,8.7,1.9,3
LOG-501070,USR-2102,2024-06-07,Walking,14,557,4761,100,6.0,2.7,5
LOG-501594,USR-2139,2024-06-07,Walking,93,94,13758,112,4.4,2.3,3
LOG-503289,USR-2149,2024-06-07,HIIT,87,52,17845,161,5.6,1.0,3
LOG-500004,USR-2022,2024-06-07,Cycling,89,77,14140,86,4.4,1.5,1
LOG-500207,USR-2187,2024-06-07,Gym Workout,61,543,9201,123,4.5,3.7,4
LOG-502576,USR-2190,2024-06-07,Swimming,77,371,9832,102,7.2,2.1,5
LOG-500670,USR-2104,2024-06-08,Gym Workout,19,742,11718,109,4.3,2.0,1
LOG-502325,USR-2123,2024-06-08,Cycling,21,58,14873,138,5.9,2.7,2
LOG-503321,USR-2292,2024-06-08,Running,18,587,19038,114,6.2,1.6,5
LOG-500508,USR-2227,2024-06-08,Gym Workout,26,313,7129,154,4.3,1.8,3
LOG-501865,USR-2207,2024-06-08,Cycling,41,742,2794,142,8.1,1.3,3
LOG-501624,USR-2219,2024-06-08,Yoga,21,255,8309,174,7.2,0.6,4
LOG-502943,USR-2077,2024-06-08,Gym Workout,23,846,15698,113,5.6,3.4,2
LOG-503064,USR-2187,2024-06-08,Walking,80,341,6159,161,4.1,2.1,2
LOG-500267,USR-2045,2024-06-08,Gym Workout,108,657,4700,142,7.3,2.9,5
LOG-500335,USR-2281,2024-06-09,Yoga,52,811,8237,120,7.2,3.0,3
LOG-501572,USR-2110,2024-06-09,Gym Workout,90,481,6130,86,7.0,0.9,2
LOG-501054,USR-2230,2024-06-09,Yoga,97,761,7015,121,4.2,0.5,1
LOG-503167,USR-2139,2024-06-09,Running,22,576,8897,89,7.1,3.9,4
LOG-500328,USR-2029,2024-06-09,Walking,98,254,15785,132,5.4,3.4,1
LOG-502342,USR-2230,2024-06-09,Gym Workout,66,55,16179,134,6.8,3.8,4
LOG-500197,USR-2278,2024-06-09,Yoga,110,871,15186,93,5.9,1.5,1
LOG-501380,USR-2003,2024-06-09,Cycling,92,823,15412,108,8.6,3.7,4
LOG-500394,USR-2098,2024-06-09,Cycling,105,863,7789,92,8.8,0.5,4
LOG-501548,USR-2269,2024-06-09,Walking,15,860,4657,167,4.8,3.9,2
LOG-503007,USR-2115,2024-06-09,Cycling,65,264,12841,140,5.2,2.8,5
LOG-502682,USR-2161,2024-06-09,Running,50,241,18769,115,8.3,1.1,5
LOG-503384,USR-2163,2024-06-09,Gym Workout,26,509,15181,108,5.6,4.0,3
LOG-501784,USR-2113,2024-06-09,Running,82,654,3247,144,6.8,3.5,1
LOG-500155,USR-2181,2024-06-10,Yoga,78,690,17360,73,7.5,1.6,2
LOG-502685,USR-2222,2024-06-10,Gym Workout,84,366,19056,77,5.8,3.9,3
LOG-501007,USR-2219,2024-06-10,Gym Workout,25,420,12933,116,5.6,3.9,4
LOG-501585,USR-2032,2024-06-10,Running,80,467,13130,119,5.9,0.5,3
LOG-502658,USR-2248,2024-06-10,Gym Workout,107,719,9599,111,5.5,2.5,1
LOG-502040,USR-2183,2024-06-10,Swimming,33,637,6417,136,4.2,1.0,2
LOG-500559,USR-2294,2024-06-10,HIIT,115,479,10809,172,4.2,2.0,2
LOG-503294,USR-2180,2024-06-11,Cycling,51,644,11423,144,6.4,0.9,1
LOG-503100,USR-2150,2024-06-11,Running,15,351,8212,97,6.1,2.5,2
LOG-500650,USR-2038,2024-06-11,Yoga,14,637,5444,162,6.3,2.1,5
LOG-500971,USR-2067,2024-06-11,HIIT,95,661,9519,108,7.1,1.1,2
LOG-502070,USR-2030,2024-06-11,Cycling,103,836,14248,90,5.5,0.6,3
LOG-500580,USR-2096,2024-06-11,Gym Workout,81,701,13259,178,5.0,1.4,1
LOG-501732,USR-2096,2024-06-11,HIIT,107,722,4932,118,8.3,3.2,5
LOG-501869,USR-2148,2024-06-11,HIIT,54,134,7354,99,8.7,1.8,4
LOG-500562,USR-2251,2024-06-11,Cycling,20,257,5340,70,5.4,3.0,2
LOG-500499,USR-2208,2024-06-11,Swimming,58,92,15752,162,5.6,0.6,4
LOG-502507,USR-2185,2024-06-11,Cycling,92,615,18624,169,6.9,3.7,1
LOG-501442,USR-2185,2024-06-12,Cycling,73,114,4481,129,5.4,3.0,3
LOG-503424,USR-2159,2024-06-12,HIIT,53,231,10466,90,5.3,0.9,2
LOG-500359,USR-2175,2024-06-12,Cycling,87,483,14953,93,4.7,1.6,5
LOG-502452,USR-2226,2024-06-12,Walking,114,288,19246,136,9.0,0.8,5
LOG-500148,USR-2295,2024-06-12,Swimming,71,413,13673,125,7.6,1.3,2
LOG-502712,USR-2264,2024-06-12,Swimming,22,127,1111,101,7.4,2.5,3
LOG-500836,USR-2084,2024-06-12,Yoga,56,240,15518,114,6.9,2.2,5
LOG-500888,USR-2214,2024-06-12,Cycling,104,88,17712,75,8.3,3.2,4
LOG-501888,USR-2111,2024-06-12,Cycling,63,391,13794,161,8.2,1.9,1
LOG-501775,USR-2019,2024-06-12,HIIT,38,353,19207,175,4.4,2.8,1
LOG-501886,USR-2128,2024-06-12,HIIT,113,867,6425,73,6.7,1.1,5
LOG-501647,USR-2288,2024-06-12,Running,25,731,10258,123,8.3,3.6,1
LOG-500989,USR-2296,2024-06-12,Swimming,102,623,4703,121,7.5,3.5,4
LOG-503318,USR-2076,2024-06-13,Swimming,60,844,4460,116,4.8,4.0,2
LOG-502882,USR-2200,2024-06-13,Gym Workout,48,208,7942,140,5.2,2.0,4
LOG-502552,USR-2082,2024-06-13,Gym Workout,34,834,19246,149,7.0,3.0,3
LOG-500444,USR-2058,2024-06-13,HIIT,43,489,1090,80,6.2,2.3,2
LOG-501755,USR-2047,2024-06-13,Yoga,54,629,7357,131,8.1,1.8,5
LOG-503194,USR-2078,2024-06-13,Yoga,43,230,5725,90,7.2,1.8,4
LOG-501915,USR-2059,2024-06-13,Swimming,116,647,9461,116,5.0,0.9,5
LOG-501437,USR-2080,2024-06-13,HIIT,47,289,15446,139,7.4,1.7,5
LOG-503223,USR-2066,2024-06-14,Gym Workout,68,681,15420,135,5.5,2.9,1
LOG-502719,USR-2112,2024-06-14,Yoga,102,732,5532,122,6.2,3.8,2
LOG-503405,USR-2172,2024-06-14,Cycling,58,138,795,103,5.7,0.9,3
LOG-500271,USR-2030,2024-06-14,HIIT,24,283,11711,111,8.7,1.5,4
LOG-501934,USR-2090,2024-06-14,Cycling,48,136,16474,97,6.9,4.0,4
LOG-501074,USR-2027,2024-06-14,Gym Workout,86,184,16411,91,4.6,1.9,4
LOG-501229,USR-2230,2024-06-14,Running,34,740,17457,87,4.6,2.9,2
LOG-500840,USR-2207,2024-06-14,Running,76,336,3514,109,4.8,3.8,5
LOG-503314,USR-2191,2024-06-14,Gym Workout,101,429,2233,124,6.5,3.0,5
LOG-501157,USR-2001,2024-06-15,Cycling,17,66,14942,128,8.6,3.0,1
LOG-501289,USR-2150,2024-06-15,Running,79,586,13845,164,7.3,2.6,1
LOG-501228,USR-2036,2024-06-15,Gym Workout,87,420,16139,148,7.2,1.0,4
LOG-500390,USR-2019,2024-06-15,Walking,27,241,16046,167,6.4,1.7,1
LOG-502242,USR-2059,2024-06-15,HIIT,91,588,15458,141,5.8,2.0,3
LOG-500143,USR-2035,2024-06-15,Walking,73,745,19952,111,6.9,2.4,4
LOG-500514,USR-2128,2024-06-15,Yoga,74,91,19363,100,5.7,3.1,4
LOG-503234,USR-2224,2024-06-16,Walking,62,110,1283,90,5.7,0.7,1
LOG-500605,USR-2035,2024-06-16,HIIT,68,562,16446,108,8.9,2.8,4
LOG-502870,USR-2275,2024-06-16,Cycling,57,636,8641,170,8.1,2.3,5
LOG-502795,USR-2186,2024-06-16,Running,57,91,5691,172,5.9,2.1,4
LOG-501114,USR-2147,2024-06-16,Gym Workout,78,261,18853,132,6.8,1.6,2
LOG-501485,USR-2276,2024-06-16,Yoga,13,582,19342,101,7.7,0.5,4
LOG-500007,USR-2008,2024-06-16,HIIT,119,168,9587,154,4.3,2.4,1
LOG-501814,USR-2113,2024-06-16,Yoga,44,637,13932,127,5.2,1.3,1
LOG-502247,USR-2218,2024-06-16,Gym Workout,77,756,720,80,8.3,3.3,2
LOG-502363,USR-2068,2024-06-16,Walking,71,392,9138,75,6.1,3.4,3
LOG-503209,USR-2178,2024-06-17,Walking,55,834,3986,123,4.3,1.7,5
LOG-501656,USR-2190,2024-06-17,Cycling,66,200,18980,121,6.1,1.4,3
LOG-503122,USR-2064,2024-06-17,Cycling,50,100,3696,112,5.2,2.7,4
LOG-501425,USR-2023,2024-06-17,Gym Workout,46,723,11502,155,5.7,3.3,3
LOG-502426,USR-2006,2024-06-17,Running,40,160,1052,127,5.1,3.3,2
LOG-502255,USR-2124,2024-06-17,Walking,37,782,19423,168,9.0,2.8,3
LOG-500554,USR-2196,2024-06-17,Swimming,65,235,932,157,8.0,3.4,2
LOG-503229,USR-2258,2024-06-17,Gym Workout,108,274,7514,170,7.6,4.0,1
LOG-500465,USR-2257,2024-06-18,Walking,12,630,13064,122,6.6,1.1,3
LOG-500171,USR-2138,2024-06-18,HIIT,53,755,14186,92,4.3,2.7,3
LOG-502134,USR-2026,2024-06-18,Running,60,623,7684,165,8.2,2.5,4
LOG-500617,USR-2281,2024-06-18,Swimming,85,466,4848,91,8.2,3.5,2
LOG-501835,USR-2051,2024-06-18,Walking,55,233,17813,137,4.5,3.1,2
LOG-503446,USR-2066,2024-06-18,Cycling,11,749,1512,167,6.3,0.8,2
LOG-501575,USR-2114,2024-06-19,Cycling,47,674,7445,155,4.9,1.0,5
LOG-502831,USR-2051,2024-06-19,Swimming,75,382,10206,146,8.7,2.7,3
LOG-501587,USR-2140,2024-06-19,Walking,64,642,19181,103,5.6,3.1,5
LOG-500452,USR-2016,2024-06-19,Cycling,47,566,3546,92,4.2,0.5,5
LOG-500928,USR-2263,2024-06-19,Walking,28,485,8105,165,4.4,0.8,1
LOG-500215,USR-2017,2024-06-19,HIIT,94,394,12071,173,5.3,0.8,1
LOG-502191,USR-2256,2024-06-19,Swimming,35,759,3754,155,5.4,3.3,4
LOG-500285,USR-2280,2024-06-20,Running,14,644,6492,153,4.3,3.0,3
LOG-502395,USR-2065,2024-06-20,Swimming,40,715,9766,155,6.2,1.5,5
LOG-501027,USR-2237,2024-06-20,HIIT,99,673,6260,114,5.4,3.9,2
LOG-500352,USR-2131,2024-06-20,Walking,17,383,12953,120,4.8,1.9,1
LOG-501807,USR-2240,2024-06-20,Swimming,15,325,1851,153,5.2,2.0,2
LOG-501484,USR-2046,2024-06-20,Gym Workout,115,723,1133,157,7.5,1.5,3
LOG-502476,USR-2240,2024-06-20,Swimming,48,509,14043,107,7.4,0.6,3
LOG-502594,USR-2020,2024-06-21,HIIT,42,75,14088,74,6.9,1.3,4
LOG-503292,USR-2080,2024-06-21,Cycling,34,540,5314,94,5.1,3.5,1
LOG-503014,USR-2047,2024-06-21,Yoga,12,350,17870,147,5.7,2.6,2
LOG-503162,USR-2188,2024-06-21,Gym Workout,39,576,10285,155,7.8,3.7,2
LOG-500213,USR-2154,2024-06-21,Gym Workout,97,152,10825,106,8.4,1.9,4
LOG-502664,USR-2122,2024-06-21,Swimming,30,474,16435,175,8.2,1.6,1
LOG-501707,USR-2099,2024-06-21,HIIT,31,780,3979,138,8.1,0.8,1
LOG-500702,USR-2174,2024-06-22,Cycling,49,497,15693,79,6.2,1.0,4
LOG-503215,USR-2085,2024-06-22,Running,49,620,10062,81,4.0,1.7,1
LOG-500484,USR-2193,2024-06-22,Running,61,215,7127,95,8.4,1.4,3
LOG-500913,USR-2029,2024-06-22,Yoga,88,485,2551,141,4.4,2.5,2
LOG-503257,USR-2097,2024-06-22,HIIT,102,380,3657,111,5.7,2.6,2
LOG-501935,USR-2147,2024-06-22,Swimming,51,617,6849,129,7.7,2.5,5
LOG-502181,USR-2220,2024-06-22,Swimming,84,570,16646,74,8.5,1.2,2
LOG-503280,USR-2280,2024-06-22,HIIT,64,239,6553,151,4.5,1.2,2
LOG-502710,USR-2118,2024-06-22,Swimming,100,165,2350,151,5.8,1.5,2
LOG-502543,USR-2255,2024-06-23,Cycling,43,773,16078,178,7.7,2.8,3
LOG-501094,USR-2008,2024-06-23,Gym Workout,84,294,2132,156,6.1,3.8,4
LOG-501445,USR-2051,2024-06-23,Swimming,113,117,1173,83,8.8,1.2,1
LOG-501731,USR-2137,2024-06-23,Cycling,22,668,7124,112,6.0,4.0,1
LOG-500440,USR-2182,2024-06-23,Swimming,44,245,8863,143,7.7,1.5,4
LOG-501770,USR-2212,2024-06-23,Gym Workout,111,505,15182,109,5.6,2.2,4
LOG-501778,USR-2076,2024-06-23,Cycling,45,575,8894,106,6.0,1.6,5
LOG-501508,USR-2088,2024-06-23,Walking,55,595,8966,88,6.6,2.5,1
LOG-502567,USR-2225,2024-06-23,Gym Workout,92,92,5547,156,8.4,2.7,1
LOG-501806,USR-2144,2024-06-24,Running,97,458,12348,178,5.9,1.1,3
LOG-502132,USR-2009,2024-06-24,HIIT,91,288,6523,160,5.9,2.8,5
LOG-501947,USR-2037,2024-06-24,Cycling,71,736,5865,138,8.5,3.8,1
LOG-502012,USR-2181,2024-06-24,Yoga,69,837,6133,96,6.7,2.0,5
LOG-501267,USR-2093,2024-06-24,Gym Workout,27,622,13558,164,4.2,0.8,4
LOG-502948,USR-2051,2024-06-24,Walking,17,381,6444,79,8.3,3.4,5
LOG-501740,USR-2065,2024-06-24,Gym Workout,14,494,12140,152,4.2,2.4,4
LOG-500905,USR-2000,2024-06-24,Gym Workout,77,596,18257,141,7.5,1.5,4
LOG-501874,USR-2142,2024-06-25,Swimming,38,844,18269,97,8.3,3.6,1
LOG-502573,USR-2013,2024-06-25,Running,30,150,9787,133,5.3,1.7,5
LOG-501519,USR-2123,2024-06-25,Swimming,54,884,9848,124,6.3,2.3,3
LOG-502133,USR-2148,2024-06-25,Running,69,332,2281,88,6.7,2.9,1
LOG-503287,USR-2006,2024-06-25,Swimming,32,723,7674,136,4.7,3.5,5
LOG-500657,USR-2204,2024-06-25,HIIT,76,314,13984,117,8.0,1.9,1
LOG-501464,USR-2075,2024-06-25,Gym Workout,83,548,13891,94,4.5,3.5,1
LOG-502805,USR-2005,2024-06-25,Running,26,394,12643,131,4.9,0.6,3
LOG-501551,USR-2111,2024-06-25,HIIT,79,458,11368,147,6.5,3.6,4
LOG-501825,USR-2040,2024-06-25,HIIT,111,261,1371,131,7.6,2.0,1
LOG-502714,USR-2289,2024-06-25,Yoga,22,588,12682,149,6.6,2.0,1
LOG-500070,USR-2249,2024-06-25,Running,83,814,11583,161,5.5,3.7,4
LOG-500183,USR-2282,2024-06-25,Swimming,90,174,1177,127,8.5,0.8,3
LOG-501552,USR-2017,2024-06-26,Cycling,97,744,4364,84,8.6,3.0,5
LOG-502474,USR-2104,2024-06-26,Gym Workout,12,194,11268,94,8.5,2.5,5
LOG-500404,USR-2032,2024-06-26,Swimming,79,518,13280,139,6.6,3.4,1
LOG-502290,USR-2073,2024-06-26,Running,99,149,8664,77,5.8,0.6,2
LOG-503251,USR-2266,2024-06-26,Swimming,68,513,562,113,7.0,1.7,5
LOG-501514,USR-2213,2024-06-26,Gym Workout,40,694,16506,79,5.4,2.4,3
LOG-500433,USR-2233,2024-06-26,Cycling,15,781,4549,169,6.2,1.0,3
LOG-501346,USR-2143,2024-06-26,Walking,105,874,19898,154,7.9,1.9,5
LOG-500371,USR-2016,2024-06-26,Cycling,89,227,11475,139,6.8,1.4,3
LOG-502441,USR-2036,2024-06-26,HIIT,40,561,14792,125,8.8,2.8,1
LOG-502518,USR-2206,2024-06-26,Yoga,69,455,3747,122,5.9,3.2,3
LOG-500900,USR-2259,2024-06-26,Walking,70,217,16808,121,6.2,1.0,4
LOG-503189,USR-2244,2024-06-26,Swimming,33,575,572,132,5.2,2.4,4
LOG-501391,USR-2149,2024-06-27,Cycling,109,493,8992,136,8.9,2.1,3
LOG-500298,USR-2070,2024-06-27,Yoga,91,755,6089,80,8.2,0.9,1
LOG-502296,USR-2187,2024-06-27,Running,28,128,13402,130,7.1,3.4,4
LOG-503046,USR-2060,2024-06-27,Cycling,102,785,11796,98,7.0,3.5,1
LOG-503443,USR-2288,2024-06-27,Yoga,113,107,6672,116,8.3,0.5,3
LOG-503028,USR-2270,2024-06-27,Walking,64,702,2775,141,7.7,3.1,3
LOG-501448,USR-2278,2024-06-28,Running,87,344,11132,125,8.0,3.9,1
LOG-501530,USR-2153,2024-06-28,Gym Workout,47,361,16223,115,8.1,3.0,5
LOG-501373,USR-2138,2024-06-28,Yoga,28,174,7127,79,8.5,1.4,3
LOG-502900,USR-2295,2024-06-28,Swimming,45,312,4534,168,8.7,1.4,1
LOG-502030,USR-2294,2024-06-28,Swimming,26,202,5262,102,4.8,3.2,3
LOG-502690,USR-2202,2024-06-29,Yoga,72,361,9826,122,6.1,3.9,2
LOG-502258,USR-2250,2024-06-29,Gym Workout,20,318,3191,92,6.5,2.7,1
LOG-502845,USR-2202,2024-06-29,Cycling,61,698,6933,136,4.5,2.5,5
LOG-500203,USR-2023,2024-06-29,Running,26,172,7400,97,5.2,1.8,5
LOG-501697,USR-2250,2024-06-29,Walking,99,70,1868,119,5.6,3.3,2
LOG-503197,USR-2254,2024-06-29,HIIT,104,621,16963,74,6.9,3.9,4
LOG-502065,USR-2038,2024-06-29,Cycling,35,653,9427,74,7.8,0.5,2
LOG-502861,USR-2232,2024-06-29,Swimming,103,551,7164,153,4.2,3.5,4
LOG-500700,USR-2202,2024-06-29,Running,76,809,11349,137,7.1,1.7,3
LOG-501666,USR-2263,2024-06-29,Gym Workout,17,896,17569,87,4.9,3.3,2
LOG-500892,USR-2299,2024-06-29,Cycling,31,499,18610,70,8.5,1.9,2
LOG-502240,USR-2013,2024-06-29,Yoga,66,240,11332,104,6.4,3.7,3
LOG-502379,USR-2289,2024-06-29,Yoga,60,868,17347,157,8.7,1.5,5
LOG-502850,USR-2001,2024-06-29,Gym Workout,98,595,15656,158,8.2,3.0,2
LOG-501583,USR-2265,2024-06-29,Walking,105,254,11383,146,8.2,3.8,2
LOG-500339,USR-2107,2024-06-30,Swimming,30,885,18748,104,4.6,3.1,2
LOG-502703,USR-2041,2024-06-30,Running,91,454,3101,115,5.8,1.4,4
LOG-500038,USR-2128,2024-06-30,Walking,117,627,1667,134,7.2,3.4,2
LOG-500220,USR-2129,2024-06-30,Gym Workout,104,523,3540,99,6.7,4.0,1
LOG-503271,USR-2230,2024-06-30,HIIT,83,392,5740,131,7.9,2.4,2
LOG-500423,USR-2252,2024-06-30,Running,21,663,3781,151,7.2,3.6,5
LOG-501361,USR-2202,2024-06-30,Swimming,81,207,6075,81,7.2,3.4,5
LOG-503099,USR-2100,2024-06-30,Cycling,116,443,3391,71,5.0,3.0,3
LOG-502203,USR-2194,2024-06-30,Yoga,57,659,4844,173,5.9,3.3,1
LOG-501681,USR-2071,2024-07-01,Gym Workout,96,133,16821,167,7.0,1.5,1
LOG-502588,USR-2101,2024-07-01,Cycling,110,704,3634,132,8.2,3.2,3
LOG-501494,USR-2234,2024-07-01,Gym Workout,41,533,18005,167,4.3,2.7,3
LOG-502794,USR-2034,2024-07-01,Cycling,61,365,7388,88,5.5,3.0,4
LOG-501028,USR-2205,2024-07-01,Yoga,83,663,12857,88,5.6,3.9,3
LOG-502755,USR-2103,2024-07-01,Cycling,111,816,9914,74,4.6,3.3,1
LOG-502963,USR-2264,2024-07-01,Walking,59,275,3753,109,5.6,1.9,2
LOG-501084,USR-2137,2024-07-01,Walking,85,363,15516,97,6.7,3.7,2
LOG-502354,USR-2112,2024-07-01,Walking,15,342,5860,142,7.6,0.7,1
LOG-501565,USR-2291,2024-07-01,Gym Workout,73,781,8716,124,5.6,2.3,4
LOG-501064,USR-2077,2024-07-01,Gym Workout,70,560,5299,84,6.6,3.8,2
LOG-501573,USR-2111,2024-07-02,Swimming,72,709,18525,92,5.7,3.9,5
LOG-501354,USR-2202,2024-07-02,Cycling,36,773,2564,105,6.3,3.7,1
LOG-502964,USR-2142,2024-07-02,Yoga,10,885,17823,130,5.2,2.7,4
LOG-501808,USR-2031,2024-07-02,Walking,40,219,8534,83,7.2,2.1,2
LOG-501852,USR-2150,2024-07-02,Swimming,116,57,17346,133,5.9,3.9,4
LOG-501180,USR-2070,2024-07-02,Swimming,108,171,15318,85,5.4,2.4,1
LOG-502605,USR-2075,2024-07-02,Running,92,523,11006,125,6.7,1.4,5
LOG-502080,USR-2207,2024-07-02,Cycling,84,557,2538,179,7.7,1.1,1
LOG-501997,USR-2134,2024-07-02,Gym Workout,109,876,12705,147,4.8,3.5,4
LOG-501694,USR-2295,2024-07-02,Yoga,98,379,2919,113,8.8,1.6,4
LOG-501005,USR-2026,2024-07-03,Running,22,574,6083,145,7.0,0.6,5
LOG-501049,USR-2229,2024-07-03,Running,48,514,7863,163,8.3,1.2,4
LOG-500567,USR-2190,2024-07-03,HIIT,19,623,19405,168,7.4,0.7,4
LOG-501718,USR-2191,2024-07-03,Cycling,105,158,17324,144,5.8,1.0,5
LOG-503345,USR-2210,2024-07-03,HIIT,57,696,15218,70,8.7,2.2,5
LOG-500496,USR-2240,2024-07-03,Swimming,16,511,8618,72,6.3,1.4,4
LOG-502336,USR-2212,2024-07-03,Running,31,775,11378,162,4.3,3.9,4
LOG-502511,USR-2215,2024-07-03,Gym Workout,71,849,4106,152,4.6,1.6,4
LOG-501156,USR-2087,2024-07-03,Yoga,27,259,11858,129,7.6,2.1,5
LOG-501837,USR-2029,2024-07-03,Gym Workout,35,519,15489,101,6.8,2.7,3
LOG-500345,USR-2271,2024-07-03,Running,50,456,19765,80,6.3,1.0,4
LOG-500468,USR-2084,2024-07-03,Cycling,13,453,14509,125,7.3,1.8,4
LOG-500920,USR-2295,2024-07-03,Swimming,84,533,12712,142,5.8,1.0,4
LOG-501179,USR-2141,2024-07-04,Swimming,24,307,13549,136,8.6,2.6,1
LOG-501524,USR-2128,2024-07-04,Swimming,46,322,17575,118,4.6,2.6,2
LOG-500561,USR-2229,2024-07-04,Gym Workout,86,176,17371,139,7.2,3.6,3
LOG-502701,USR-2207,2024-07-04,Swimming,12,194,3560,179,8.5,1.4,3
LOG-503468,USR-2284,2024-07-04,Gym Workout,56,420,18065,97,7.4,0.9,2
LOG-500965,USR-2192,2024-07-04,HIIT,49,718,11297,114,4.1,2.1,3
LOG-502246,USR-2051,2024-07-04,Swimming,22,518,16691,90,8.0,3.9,2
LOG-502471,USR-2009,2024-07-04,Yoga,46,135,4706,137,8.8,0.7,1
LOG-500492,USR-2101,2024-07-04,Gym Workout,102,472,2193,148,6.9,3.1,1
LOG-501184,USR-2042,2024-07-04,Swimming,107,347,15765,163,7.0,0.9,3
LOG-503012,USR-2064,2024-07-05,Gym Workout,62,349,8153,173,4.8,1.4,5
LOG-500676,USR-2213,2024-07-05,Yoga,35,98,7861,161,8.3,3.6,3
LOG-500916,USR-2092,2024-07-05,Gym Workout,78,760,8240,123,8.0,3.4,5
LOG-500291,USR-2075,2024-07-05,Yoga,18,595,3650,174,6.5,0.6,5
LOG-500545,USR-2085,2024-07-05,Walking,13,104,15391,146,6.3,3.9,3
LOG-501331,USR-2261,2024-07-05,HIIT,94,691,567,90,8.5,0.9,3
LOG-502914,USR-2286,2024-07-05,Walking,65,393,16743,88,4.2,3.8,5
LOG-502427,USR-2090,2024-07-05,Gym Workout,78,513,13817,90,5.2,1.2,5
LOG-502659,USR-2262,2024-07-05,Yoga,63,715,17213,76,4.4,1.9,2
LOG-502467,USR-2116,2024-07-05,Gym Workout,28,495,15047,114,8.8,1.3,1
LOG-502766,USR-2207,2024-07-05,Yoga,61,441,16509,118,4.7,3.0,1
LOG-501050,USR-2253,2024-07-05,Swimming,88,119,19500,102,7.8,2.9,1
LOG-500568,USR-2235,2024-07-05,Running,63,893,544,139,4.2,1.0,1
LOG-500569,USR-2108,2024-07-05,Gym Workout,80,543,14404,131,6.6,3.3,4
LOG-503004,USR-2007,2024-07-05,Walking,38,476,3529,178,8.0,1.6,4
LOG-501676,USR-2016,2024-07-06,Gym Workout,77,97,11334,86,4.2,2.4,3
LOG-502919,USR-2270,2024-07-06,Gym Workout,79,253,9803,130,5.5,3.6,3
LOG-502681,USR-2211,2024-07-06,Walking,68,815,18696,179,6.4,2.2,1
LOG-501977,USR-2118,2024-07-06,Walking,114,891,19366,87,7.8,2.6,3
LOG-503388,USR-2287,2024-07-06,Yoga,33,640,3496,162,7.5,2.8,5
LOG-501326,USR-2297,2024-07-06,Yoga,79,126,19784,77,4.6,2.6,5
LOG-503333,USR-2198,2024-07-06,Cycling,14,226,5970,160,4.5,0.9,2
LOG-502466,USR-2092,2024-07-07,Yoga,91,780,2284,157,7.0,4.0,2
LOG-500073,USR-2177,2024-07-07,Swimming,51,792,4280,168,7.1,3.5,4
LOG-500129,USR-2223,2024-07-07,Cycling,117,402,19212,172,5.0,1.3,3
LOG-502300,USR-2153,2024-07-07,Walking,119,395,2028,96,6.1,1.6,4
LOG-500204,USR-2044,2024-07-07,HIIT,108,407,568,157,4.8,3.5,1
LOG-501664,USR-2003,2024-07-07,Swimming,69,587,14103,157,4.9,3.3,4
LOG-501669,USR-2288,2024-07-07,Gym Workout,112,764,6572,164,6.0,3.6,3
LOG-503263,USR-2215,2024-07-07,Walking,89,887,7410,145,4.1,2.6,3
LOG-500884,USR-2083,2024-07-07,Swimming,35,318,19904,90,6.5,2.4,3
LOG-500240,USR-2039,2024-07-07,Running,51,194,2562,85,5.3,3.7,4
LOG-501261,USR-2157,2024-07-07,Walking,111,257,3008,105,4.2,3.3,5
LOG-503368,USR-2128,2024-07-08,Running,30,392,5840,78,7.3,2.4,2
LOG-503091,USR-2207,2024-07-08,Cycling,28,584,1667,92,8.9,3.5,4
LOG-501503,USR-2204,2024-07-08,Running,106,106,16815,113,8.6,3.6,3
LOG-501532,USR-2282,2024-07-08,Gym Workout,108,553,13951,131,8.0,0.6,3
LOG-503078,USR-2175,2024-07-08,HIIT,10,530,11444,75,6.3,2.4,2
LOG-500338,USR-2218,2024-07-08,Cycling,117,148,16894,160,5.9,3.8,5
LOG-500546,USR-2089,2024-07-08,Walking,114,771,8304,125,6.8,2.6,5
LOG-500107,USR-2074,2024-07-08,Running,61,873,9833,94,8.8,0.8,5
LOG-500185,USR-2246,2024-07-08,Swimming,63,197,15236,141,6.6,2.7,2
LOG-502316,USR-2197,2024-07-08,HIIT,79,255,4617,153,6.6,2.1,2
LOG-500908,USR-2290,2024-07-08,Yoga,38,683,12869,86,7.3,3.5,4
LOG-500659,USR-2138,2024-07-09,Yoga,90,201,7355,104,4.8,3.2,1
LOG-502196,USR-2034,2024-07-09,Running,72,68,18787,129,4.7,3.0,5
LOG-500281,USR-2161,2024-07-09,Swimming,97,876,15622,71,5.5,3.2,2
LOG-500687,USR-2251,2024-07-09,Cycling,118,282,15333,121,5.4,3.9,1
LOG-502842,USR-2182,2024-07-09,Swimming,104,411,1314,169,6.2,3.0,3
LOG-503163,USR-2075,2024-07-09,Cycling,102,482,11351,161,7.3,0.6,3
LOG-501082,USR-2057,2024-07-09,Swimming,43,752,13748,134,4.4,2.8,3
LOG-501917,USR-2108,2024-07-09,Cycling,117,69,2022,72,5.8,0.9,5
LOG-502757,USR-2094,2024-07-09,Cycling,37,100,10537,83,6.7,1.2,4
LOG-500424,USR-2033,2024-07-10,HIIT,15,285,15952,146,4.3,2.8,5
LOG-500241,USR-2173,2024-07-10,Running,67,220,6966,117,6.1,1.8,5
LOG-501127,USR-2038,2024-07-10,Cycling,61,274,11755,132,6.0,3.7,2
LOG-502771,USR-2013,2024-07-10,HIIT,106,866,13489,175,5.5,2.0,1
LOG-502186,USR-2152,2024-07-10,HIIT,12,110,12065,113,5.6,2.8,4
LOG-503459,USR-2020,2024-07-10,Walking,35,381,7916,151,8.3,1.4,4
LOG-501650,USR-2088,2024-07-10,Running,27,293,6353,144,5.0,3.6,2
LOG-501765,USR-2108,2024-07-10,Cycling,93,237,2125,97,6.6,2.9,5
LOG-501588,USR-2207,2024-07-10,Gym Workout,27,593,5316,136,8.7,1.4,3
LOG-503204,USR-2105,2024-07-10,Running,31,491,12733,112,7.5,2.6,5
LOG-502502,USR-2293,2024-07-10,HIIT,43,742,6565,130,7.0,3.4,4
LOG-502463,USR-2207,2024-07-11,Yoga,95,529,15096,152,8.2,3.9,3
LOG-502853,USR-2036,2024-07-11,Yoga,116,774,19685,123,7.0,0.7,4
LOG-503390,USR-2176,2024-07-11,Yoga,87,153,3296,81,8.4,2.9,5
LOG-500326,USR-2101,2024-07-11,HIIT,21,713,6816,150,5.7,2.4,1
LOG-501555,USR-2184,2024-07-11,Cycling,21,279,14903,169,8.8,2.0,1
LOG-502383,USR-2104,2024-07-12,Walking,56,150,14681,108,4.7,3.4,1
LOG-501446,USR-2027,2024-07-12,Cycling,92,739,18987,94,4.4,2.8,1
LOG-500084,USR-2078,2024-07-12,HIIT,37,603,12005,147,5.5,0.6,5
LOG-503061,USR-2206,2024-07-12,Gym Workout,58,884,10112,106,7.2,2.1,5
LOG-502570,USR-2056,2024-07-12,Yoga,21,482,13217,92,6.3,1.0,4
LOG-502820,USR-2018,2024-07-12,Gym Workout,67,239,6488,158,7.5,2.7,5
LOG-502631,USR-2143,2024-07-12,Walking,58,835,1150,145,8.9,2.5,3
LOG-502941,USR-2074,2024-07-12,Gym Workout,58,208,16747,125,8.8,4.0,3
LOG-502026,USR-2143,2024-07-12,Gym Workout,47,63,848,178,6.8,3.6,3
LOG-500363,USR-2170,2024-07-12,Running,73,681,8873,172,4.9,3.7,5
LOG-501009,USR-2115,2024-07-12,Yoga,88,196,16423,178,4.2,1.4,4
LOG-501678,USR-2112,2024-07-12,Swimming,87,753,4414,85,6.1,2.6,3
LOG-501458,USR-2026,2024-07-12,Running,24,676,13571,102,4.1,3.3,1
LOG-502037,USR-2194,2024-07-12,HIIT,35,504,9822,133,7.7,2.3,4
LOG-500993,USR-2129,2024-07-13,Yoga,44,167,11392,119,4.8,0.9,2
LOG-502228,USR-2131,2024-07-13,Gym Workout,83,684,19263,113,4.4,3.1,5
LOG-501684,USR-2069,2024-07-13,Running,44,727,12940,128,7.9,1.8,3
LOG-503034,USR-2144,2024-07-13,Cycling,108,599,18234,97,7.4,2.0,5
LOG-503408,USR-2034,2024-07-13,HIIT,56,429,1713,162,7.8,2.8,4
LOG-500839,USR-2031,2024-07-13,Walking,37,742,10888,144,8.1,3.3,3
LOG-501036,USR-2137,2024-07-14,Running,109,558,6657,92,4.5,1.8,2
LOG-500616,USR-2281,2024-07-14,Walking,114,602,13621,133,8.1,3.5,4
LOG-501002,USR-2240,2024-07-14,Yoga,57,111,9680,114,7.4,3.4,3
LOG-501981,USR-2157,2024-07-14,Running,26,336,4330,92,8.7,1.8,4
LOG-500912,USR-2011,2024-07-14,HIIT,38,577,17899,134,7.1,0.5,5
LOG-500374,USR-2049,2024-07-14,Yoga,55,810,6963,162,6.0,1.8,3
LOG-500624,USR-2112,2024-07-14,Yoga,74,446,7680,161,6.7,1.5,4
LOG-501387,USR-2006,2024-07-14,Walking,35,52,4935,77,6.0,1.4,5
LOG-502700,USR-2011,2024-07-14,Gym Workout,36,320,18941,174,5.0,1.9,5
LOG-501291,USR-2297,2024-07-14,Cycling,77,896,3817,124,6.9,0.7,5
LOG-502185,USR-2017,2024-07-14,HIIT,59,156,12970,75,4.1,1.4,2
LOG-502606,USR-2163,2024-07-14,Yoga,96,565,15661,137,7.5,2.1,1
LOG-502647,USR-2175,2024-07-15,Gym Workout,107,114,2928,128,7.1,2.3,4
LOG-501942,USR-2091,2024-07-15,Gym Workout,94,102,11126,155,5.6,0.8,3
LOG-500660,USR-2032,2024-07-15,Running,19,222,16558,122,5.5,2.9,2
LOG-501460,USR-2270,2024-07-15,HIIT,118,762,15635,144,8.3,1.4,1
LOG-500711,USR-2094,2024-07-15,Running,12,255,8825,168,8.8,3.6,3
LOG-501001,USR-2160,2024-07-15,Walking,93,715,4572,74,6.6,3.5,3
LOG-502220,USR-2183,2024-07-15,HIIT,116,496,10001,159,4.9,3.6,2
LOG-502725,USR-2235,2024-07-16,Yoga,50,411,2370,73,6.4,1.4,1
LOG-502967,USR-2084,2024-07-16,Cycling,51,619,1493,163,8.8,2.6,5
LOG-502891,USR-2107,2024-07-16,Gym Workout,84,883,874,177,4.0,1.1,3
LOG-500503,USR-2252,2024-07-16,Walking,15,459,13529,163,5.6,0.8,4
LOG-502318,USR-2029,2024-07-16,Swimming,46,731,16242,138,6.3,0.9,2
LOG-501451,USR-2159,2024-07-16,Walking,82,498,3667,110,8.6,2.6,4
LOG-503399,USR-2109,2024-07-16,Walking,96,491,1995,80,6.5,1.1,5
LOG-501982,USR-2218,2024-07-16,Cycling,114,202,16022,77,8.4,3.3,1
LOG-501971,USR-2268,2024-07-16,Running,38,153,12644,105,5.5,3.3,1
LOG-503282,USR-2117,2024-07-16,Walking,88,754,7320,90,4.1,3.7,1
LOG-501620,USR-2072,2024-07-16,HIIT,84,523,6911,174,8.7,2.0,1
LOG-501621,USR-2265,2024-07-16,Cycling,60,592,10167,115,7.3,1.2,5
LOG-502892,USR-2137,2024-07-16,Gym Workout,82,190,16507,107,8.6,1.5,5
LOG-501126,USR-2162,2024-07-16,Gym Workout,69,422,7004,71,8.8,3.0,3
LOG-503291,USR-2120,2024-07-16,Cycling,61,826,11148,127,8.5,1.6,3
LOG-501871,USR-2101,2024-07-16,Cycling,36,631,10956,134,8.1,4.0,2
LOG-502706,USR-2044,2024-07-17,Cycling,65,559,7593,131,4.4,2.4,4
LOG-500137,USR-2046,2024-07-17,Walking,85,865,9965,87,5.1,0.8,5
LOG-502409,USR-2254,2024-07-17,Yoga,24,352,19752,143,5.6,3.1,1
LOG-501431,USR-2172,2024-07-17,Walking,17,395,16439,147,5.0,3.3,4
LOG-502838,USR-2103,2024-07-17,Cycling,10,320,8132,131,4.2,1.8,1
LOG-502315,USR-2143,2024-07-17,HIIT,109,106,18628,86,6.2,1.9,3
LOG-502321,USR-2080,2024-07-17,Cycling,87,352,2739,161,5.8,2.1,5
LOG-501712,USR-2287,2024-07-17,Yoga,23,602,9160,113,4.1,0.6,1
LOG-501987,USR-2002,2024-07-17,Gym Workout,76,373,13875,144,7.1,1.9,1
LOG-500705,USR-2101,2024-07-18,Gym Workout,75,596,5769,137,6.4,1.3,3
LOG-501586,USR-2030,2024-07-18,Cycling,104,364,11277,98,7.8,2.6,2
LOG-503389,USR-2211,2024-07-18,Walking,75,282,1302,93,8.0,3.5,1
LOG-503264,USR-2194,2024-07-18,Yoga,112,755,6780,155,8.0,2.3,4
LOG-500665,USR-2165,2024-07-18,Cycling,63,472,15505,117,6.0,2.4,2
LOG-500409,USR-2036,2024-07-18,Running,96,724,4896,131,7.1,1.8,5
LOG-501476,USR-2114,2024-07-18,Running,25,568,7693,123,7.4,2.1,4
LOG-500169,USR-2125,2024-07-18,Swimming,102,175,15706,87,7.3,1.1,2
LOG-500940,USR-2204,2024-07-19,Walking,30,203,6839,85,7.2,1.4,4
LOG-501011,USR-2226,2024-07-19,Walking,32,592,5620,73,8.4,1.2,5
LOG-502509,USR-2033,2024-07-19,Running,17,76,12837,154,6.1,2.4,3
LOG-501143,USR-2112,2024-07-19,Yoga,118,458,15927,87,8.0,3.2,2
LOG-500093,USR-2100,2024-07-19,Cycling,83,412,17580,87,7.6,0.7,5
LOG-500795,USR-2242,2024-07-19,HIIT,66,792,2765,108,8.8,2.8,3
LOG-501081,USR-2076,2024-07-19,Walking,119,714,10065,113,8.4,1.9,5
LOG-500072,USR-2223,2024-07-19,Gym Workout,65,884,15201,144,5.7,2.1,4
LOG-502371,USR-2085,2024-07-19,Swimming,70,329,11421,145,7.0,0.6,2
LOG-501937,USR-2005,2024-07-19,Running,51,231,13568,163,6.3,1.7,3
LOG-500744,USR-2021,2024-07-20,Walking,118,859,750,96,6.4,0.8,4
LOG-501730,USR-2165,2024-07-20,HIIT,20,662,17116,92,7.0,3.9,2
LOG-501797,USR-2034,2024-07-20,Gym Workout,37,602,13956,81,8.4,0.7,4
LOG-502648,USR-2141,2024-07-20,HIIT,21,58,1912,141,8.3,3.9,3
LOG-500929,USR-2043,2024-07-20,Yoga,38,518,12579,87,4.5,2.4,2
LOG-500214,USR-2069,2024-07-20,Gym Workout,110,605,3847,141,7.5,2.3,4
LOG-502902,USR-2017,2024-07-20,Gym Workout,15,232,7831,105,8.4,2.4,4
LOG-502438,USR-2199,2024-07-20,Yoga,96,258,11528,84,8.5,2.1,2
LOG-501292,USR-2297,2024-07-20,Walking,69,462,1359,143,7.1,2.3,4
LOG-500021,USR-2133,2024-07-21,Gym Workout,93,727,4855,157,7.9,1.8,1
LOG-500766,USR-2140,2024-07-21,HIIT,92,734,18435,116,6.9,1.0,4
LOG-503335,USR-2211,2024-07-21,HIIT,47,127,15708,100,8.0,2.5,2
LOG-500050,USR-2222,2024-07-21,Swimming,79,593,6168,81,4.5,3.9,4
LOG-502297,USR-2197,2024-07-21,Yoga,82,502,15707,155,6.3,1.4,4
LOG-501272,USR-2191,2024-07-21,Running,91,642,9128,149,8.7,3.6,3
LOG-501265,USR-2087,2024-07-22,Gym Workout,19,611,4567,93,6.4,0.8,3
LOG-502495,USR-2259,2024-07-22,Gym Workout,94,476,18911,107,5.1,3.1,1
LOG-501091,USR-2219,2024-07-22,Swimming,106,625,1485,159,4.8,2.8,2
LOG-502551,USR-2057,2024-07-22,Walking,93,492,1676,97,4.2,3.3,5
LOG-502965,USR-2291,2024-07-22,Walking,18,280,9497,165,7.0,1.6,2
LOG-500487,USR-2066,2024-07-22,Swimming,57,120,7173,171,7.2,0.9,1
LOG-500935,USR-2010,2024-07-22,Swimming,91,618,14043,139,7.9,1.6,1
LOG-500428,USR-2231,2024-07-22,HIIT,39,841,10880,166,4.0,3.2,1
LOG-502038,USR-2042,2024-07-22,Swimming,56,530,13480,130,6.8,1.7,4
LOG-501039,USR-2114,2024-07-22,Walking,32,853,9265,137,5.5,1.6,2
LOG-501478,USR-2172,2024-07-22,Cycling,108,198,9973,149,7.9,2.0,4
LOG-503299,USR-2079,2024-07-23,Yoga,83,332,4662,149,5.7,0.9,1
LOG-501447,USR-2148,2024-07-23,Walking,11,447,16955,159,6.3,2.6,2
LOG-500048,USR-2235,2024-07-23,Cycling,43,308,16563,166,4.4,2.9,3
LOG-500013,USR-2200,2024-07-23,Swimming,57,800,3249,177,8.0,3.7,3
LOG-500095,USR-2075,2024-07-23,Gym Workout,18,654,19082,177,7.1,1.4,5
LOG-501504,USR-2235,2024-07-23,Walking,73,76,12807,147,8.2,0.9,1
LOG-502528,USR-2254,2024-07-23,Yoga,89,786,4199,129,7.5,2.0,5
LOG-502646,USR-2049,2024-07-23,Running,95,401,3768,115,6.5,2.2,3
LOG-500056,USR-2052,2024-07-23,HIIT,117,403,5721,96,4.5,1.5,2
LOG-501207,USR-2188,2024-07-23,Swimming,14,547,14652,101,5.2,3.5,5
LOG-500845,USR-2058,2024-07-23,Gym Workout,63,468,5584,148,4.3,0.6,4
LOG-500633,USR-2249,2024-07-23,Cycling,80,661,17839,103,4.9,1.5,2
LOG-501752,USR-2139,2024-07-24,Cycling,54,392,19723,158,6.3,2.7,2
LOG-501475,USR-2000,2024-07-24,Swimming,86,174,7191,135,6.0,3.0,3
LOG-501820,USR-2018,2024-07-24,HIIT,19,247,17106,100,6.0,2.7,2
LOG-500447,USR-2012,2024-07-24,Yoga,26,766,10333,133,7.8,2.3,4
LOG-500389,USR-2000,2024-07-24,Walking,20,783,10160,155,7.8,1.0,5
LOG-502177,USR-2228,2024-07-24,Running,11,126,9155,157,4.9,3.1,1
LOG-500442,USR-2169,2024-07-24,Swimming,27,301,16066,162,5.4,0.6,4
LOG-500085,USR-2088,2024-07-24,Walking,37,573,14136,94,8.3,3.5,1
LOG-500982,USR-2238,2024-07-24,Cycling,81,607,4709,100,5.3,2.1,5
LOG-501705,USR-2132,2024-07-24,Running,112,295,15415,78,8.9,2.3,4
LOG-500951,USR-2148,2024-07-24,Swimming,63,466,9309,119,7.7,3.1,2
LOG-502977,USR-2173,2024-07-24,HIIT,103,441,2108,94,6.7,3.1,3
LOG-500921,USR-2192,2024-07-24,Cycling,117,752,19222,87,6.4,4.0,1
LOG-500903,USR-2105,2024-07-24,HIIT,40,679,2881,116,6.7,3.9,5
LOG-500944,USR-2204,2024-07-24,Swimming,72,476,5909,122,6.6,3.4,2
LOG-503417,USR-2254,2024-07-25,Gym Workout,10,832,10829,115,6.2,2.6,2
LOG-502380,USR-2266,2024-07-25,Swimming,21,277,9963,110,8.7,1.3,1
LOG-502306,USR-2014,2024-07-25,Swimming,111,340,18188,135,4.5,2.6,4
LOG-501215,USR-2275,2024-07-25,Walking,55,50,5586,103,5.0,2.7,3
LOG-500980,USR-2007,2024-07-25,HIIT,43,259,525,108,6.0,1.9,1
LOG-500498,USR-2142,2024-07-25,Walking,101,84,7843,174,7.9,1.0,1
LOG-501794,USR-2131,2024-07-25,Cycling,22,111,2834,138,8.2,1.6,1
LOG-501453,USR-2071,2024-07-25,HIIT,74,151,6649,171,4.0,1.1,4
LOG-503479,USR-2032,2024-07-25,Cycling,100,343,5311,86,7.1,1.1,4
LOG-502331,USR-2081,2024-07-25,Swimming,17,318,6088,145,5.9,2.5,3
LOG-500086,USR-2129,2024-07-25,Gym Workout,31,799,12161,71,8.6,1.3,4
LOG-501561,USR-2056,2024-07-26,Gym Workout,58,652,11659,72,8.1,0.9,1
LOG-502748,USR-2017,2024-07-26,Swimming,61,130,3689,134,4.4,3.2,4
LOG-501764,USR-2289,2024-07-26,Yoga,67,190,13256,94,5.7,0.9,5
LOG-500435,USR-2115,2024-07-26,Yoga,17,164,1866,166,4.7,1.8,4
LOG-501334,USR-2064,2024-07-26,Gym Workout,87,328,8616,165,5.6,0.6,4
LOG-500810,USR-2050,2024-07-26,Cycling,44,563,19634,149,7.5,3.7,4
LOG-500026,USR-2156,2024-07-26,HIIT,105,63,7784,103,7.2,1.6,4
LOG-500997,USR-2184,2024-07-26,Swimming,29,173,13033,80,8.7,0.7,5
LOG-501106,USR-2208,2024-07-26,Cycling,78,425,4131,93,4.7,2.8,5
LOG-501710,USR-2085,2024-07-26,Running,114,602,15644,160,4.4,1.2,4
LOG-501967,USR-2186,2024-07-26,Walking,101,607,12216,174,6.6,2.4,4
LOG-501589,USR-2071,2024-07-26,HIIT,38,456,1672,145,4.1,3.9,4
LOG-501685,USR-2202,2024-07-26,Cycling,50,767,2989,74,7.6,2.0,2
LOG-502422,USR-2007,2024-07-26,Running,84,264,10082,104,5.4,1.9,1
LOG-500874,USR-2259,2024-07-26,Swimming,63,532,4395,170,5.3,1.2,2
LOG-503103,USR-2265,2024-07-27,Gym Workout,33,524,1031,156,7.5,3.4,3
LOG-503270,USR-2295,2024-07-27,Swimming,58,894,2596,132,6.0,0.8,2
LOG-503497,USR-2096,2024-07-27,Running,71,890,16569,107,8.3,2.9,4
LOG-503206,USR-2168,2024-07-27,Swimming,14,667,15599,130,8.4,1.5,3
LOG-501600,USR-2007,2024-07-27,Cycling,35,450,10908,122,7.2,1.7,5
LOG-503230,USR-2230,2024-07-27,Cycling,112,518,1057,178,5.6,1.0,1
LOG-500415,USR-2208,2024-07-27,Running,102,339,10983,113,6.5,2.5,4
LOG-503066,USR-2069,2024-07-27,Swimming,46,91,2468,146,7.7,1.2,5
LOG-501758,USR-2130,2024-07-27,Swimming,80,840,17477,124,5.4,3.4,1
LOG-502430,USR-2111,2024-07-28,Cycling,117,775,15968,72,8.4,2.5,3
LOG-502142,USR-2091,2024-07-28,Cycling,14,494,983,101,7.5,0.5,2
LOG-502187,USR-2118,2024-07-28,Gym Workout,91,440,14152,113,4.6,3.9,1
LOG-500788,USR-2003,2024-07-28,Walking,24,368,19319,102,5.3,2.8,5
LOG-501753,USR-2035,2024-07-28,Swimming,93,516,19480,124,4.4,1.2,3
LOG-500964,USR-2227,2024-07-28,Yoga,25,586,10635,135,5.5,4.0,1
LOG-500782,USR-2230,2024-07-28,Running,19,730,8247,119,7.2,2.9,5
LOG-502355,USR-2104,2024-07-28,Gym Workout,109,469,11051,99,4.5,1.1,1
LOG-500006,USR-2105,2024-07-29,Gym Workout,72,262,2517,132,4.8,0.9,5
LOG-500098,USR-2052,2024-07-29,Walking,66,161,19109,174,4.5,3.5,4
LOG-500592,USR-2225,2024-07-29,Swimming,54,270,1627,107,7.3,2.5,4
LOG-501119,USR-2292,2024-07-30,Swimming,63,860,18024,173,9.0,0.8,2
LOG-502236,USR-2015,2024-07-30,Gym Workout,14,250,12234,119,5.2,1.4,3
LOG-501000,USR-2243,2024-07-30,Walking,56,54,10776,174,4.3,0.9,1
LOG-502735,USR-2136,2024-07-30,Yoga,16,683,19153,151,7.9,2.0,2
LOG-500416,USR-2240,2024-07-30,Swimming,51,219,12364,146,4.7,2.3,1
LOG-500863,USR-2255,2024-07-30,Running,24,474,14133,162,7.0,1.7,5
LOG-501550,USR-2291,2024-07-30,Walking,31,107,7438,108,5.0,3.7,1
LOG-503136,USR-2219,2024-07-30,Cycling,83,263,5231,159,8.5,4.0,1
LOG-503114,USR-2189,2024-07-30,Gym Workout,52,107,4942,103,7.9,3.7,2
LOG-501089,USR-2088,2024-07-30,Swimming,34,893,13875,83,4.5,3.6,4
LOG-502767,USR-2001,2024-07-30,Gym Workout,84,709,2226,124,8.7,3.0,5
LOG-502906,USR-2057,2024-07-30,Swimming,51,189,16653,176,6.4,1.9,1
LOG-501175,USR-2163,2024-07-30,Walking,86,289,1474,177,7.9,2.9,5
LOG-501012,USR-2090,2024-07-31,Gym Workout,73,594,4025,138,4.9,1.3,3
LOG-500351,USR-2022,2024-07-31,Swimming,56,286,5854,103,8.8,1.7,5
LOG-501306,USR-2201,2024-07-31,Gym Workout,57,559,9412,155,8.6,0.5,5
LOG-500196,USR-2025,2024-07-31,Yoga,74,317,5421,95,8.2,0.8,3
LOG-503346,USR-2017,2024-07-31,Running,105,365,8885,120,9.0,3.0,3
LOG-502787,USR-2006,2024-07-31,Yoga,116,851,11842,171,6.2,2.4,1
LOG-503000,USR-2293,2024-07-31,Swimming,58,108,15263,134,4.5,2.3,5
LOG-502674,USR-2033,2024-07-31,Cycling,32,631,14495,110,6.7,1.8,3
LOG-500636,USR-2258,2024-08-01,HIIT,98,635,906,106,4.5,1.7,2
LOG-501662,USR-2293,2024-08-01,Running,108,235,10444,81,6.2,0.8,2
LOG-503071,USR-2236,2024-08-01,Running,35,114,1563,176,4.4,2.3,3
LOG-500025,USR-2189,2024-08-01,Yoga,66,715,4911,93,6.0,1.2,2
LOG-500239,USR-2167,2024-08-01,Walking,116,814,13842,135,5.6,3.4,5
LOG-501776,USR-2216,2024-08-02,Walking,94,737,18422,162,5.9,2.5,4
LOG-502618,USR-2053,2024-08-02,Gym Workout,59,140,19115,83,7.9,2.6,4
LOG-500332,USR-2077,2024-08-02,Cycling,116,597,1268,134,5.4,3.5,3
LOG-503385,USR-2165,2024-08-02,Yoga,16,160,3440,119,6.0,3.8,2
LOG-500973,USR-2036,2024-08-02,Swimming,75,446,9750,172,5.4,3.4,5
LOG-500664,USR-2141,2024-08-02,Cycling,107,424,15392,147,4.6,0.8,3
LOG-501218,USR-2190,2024-08-02,Running,105,794,3278,154,4.3,1.7,4
LOG-502854,USR-2073,2024-08-02,Gym Workout,101,208,19737,172,7.5,2.6,3
LOG-500222,USR-2114,2024-08-02,Gym Workout,110,811,8623,92,4.7,1.2,3
LOG-503320,USR-2113,2024-08-02,Yoga,19,777,8139,100,4.8,2.1,4
LOG-500381,USR-2203,2024-08-02,Swimming,74,291,11967,71,5.1,1.0,1
LOG-501159,USR-2247,2024-08-02,Running,103,488,10149,95,8.4,2.1,5
LOG-502061,USR-2290,2024-08-02,Gym Workout,63,823,16870,81,8.2,2.9,4
LOG-502113,USR-2135,2024-08-03,Swimming,114,844,18946,158,8.1,1.0,2
LOG-500318,USR-2010,2024-08-03,Cycling,44,809,15416,106,5.3,1.1,3
LOG-501878,USR-2074,2024-08-03,Swimming,67,111,766,91,8.1,3.0,5
LOG-501920,USR-2026,2024-08-03,HIIT,31,468,2491,179,4.9,2.1,1
LOG-502217,USR-2024,2024-08-03,Swimming,76,656,13775,173,7.1,0.7,3
LOG-502292,USR-2138,2024-08-03,Walking,57,226,8686,158,9.0,2.2,2
LOG-501010,USR-2170,2024-08-03,Swimming,29,162,914,102,5.5,2.7,3
LOG-502851,USR-2074,2024-08-03,Yoga,109,241,15335,89,7.8,0.6,3
LOG-502345,USR-2228,2024-08-04,HIIT,28,634,19170,78,7.6,3.4,3
LOG-501957,USR-2029,2024-08-04,Gym Workout,55,115,571,115,5.0,1.0,3
LOG-501035,USR-2140,2024-08-04,Cycling,74,63,18936,144,4.3,0.9,1
LOG-500151,USR-2141,2024-08-04,Walking,65,548,15155,145,5.4,3.5,2
LOG-501995,USR-2254,2024-08-04,HIIT,29,560,14071,150,6.9,0.8,1
LOG-503038,USR-2215,2024-08-04,Cycling,107,795,2130,132,8.3,1.6,4
LOG-501931,USR-2163,2024-08-04,Gym Workout,50,657,519,150,8.5,1.4,2
LOG-500661,USR-2203,2024-08-04,HIIT,119,361,14864,134,5.2,1.9,5
LOG-500429,USR-2040,2024-08-04,Yoga,116,132,16439,148,7.0,0.8,5
LOG-500141,USR-2123,2024-08-04,Gym Workout,101,841,18759,112,4.1,1.8,2
LOG-501633,USR-2054,2024-08-05,Gym Workout,45,690,1815,177,9.0,1.4,5
LOG-500105,USR-2136,2024-08-05,Yoga,74,69,2673,108,5.6,3.7,5
LOG-501168,USR-2231,2024-08-05,Walking,112,87,8465,175,8.9,2.2,2
LOG-501330,USR-2120,2024-08-05,HIIT,73,401,19200,123,6.3,0.8,1
LOG-500142,USR-2104,2024-08-05,Walking,68,737,1046,117,8.3,0.8,4
LOG-501861,USR-2015,2024-08-06,Yoga,82,541,19582,77,8.5,1.3,1
LOG-502260,USR-2152,2024-08-06,Gym Workout,103,317,15153,162,6.3,1.5,3
LOG-500678,USR-2227,2024-08-06,Running,109,161,14671,140,5.9,3.3,4
LOG-500069,USR-2125,2024-08-06,Walking,36,566,8045,80,6.1,1.8,5
LOG-500829,USR-2069,2024-08-06,Walking,48,590,1550,155,6.0,3.0,3
LOG-502010,USR-2011,2024-08-06,Walking,79,553,2137,73,7.8,3.4,5
LOG-502774,USR-2157,2024-08-06,Swimming,104,497,3728,160,6.9,3.7,2
LOG-502665,USR-2201,2024-08-06,Running,31,387,3364,97,6.1,2.2,1
LOG-502226,USR-2261,2024-08-06,Swimming,67,529,6536,174,7.6,2.2,5
LOG-501742,USR-2242,2024-08-06,Cycling,47,115,1213,113,6.5,1.2,5
LOG-500464,USR-2008,2024-08-06,Walking,101,390,18398,84,4.5,1.4,3
LOG-501598,USR-2204,2024-08-06,Walking,13,764,18672,128,4.5,3.2,3
LOG-500641,USR-2244,2024-08-07,Yoga,101,777,19641,134,7.3,1.8,2
LOG-501968,USR-2065,2024-08-07,Cycling,103,451,7053,145,6.9,1.2,5
LOG-502542,USR-2217,2024-08-07,HIIT,97,63,14847,129,8.1,0.9,5
LOG-501416,USR-2151,2024-08-07,Gym Workout,74,127,13606,165,6.3,1.9,2
LOG-502453,USR-2078,2024-08-07,Yoga,113,415,13130,163,7.5,2.0,1
LOG-501625,USR-2191,2024-08-07,Cycling,15,893,11912,160,6.3,2.0,4
LOG-500544,USR-2207,2024-08-07,HIIT,85,520,17912,157,5.3,0.7,3
LOG-500177,USR-2059,2024-08-07,Swimming,66,510,17326,70,6.8,1.6,3
LOG-500555,USR-2248,2024-08-07,Walking,104,247,7783,126,8.7,2.4,3
LOG-500191,USR-2172,2024-08-07,Running,99,186,1738,162,8.6,2.3,1
LOG-503442,USR-2049,2024-08-07,Swimming,18,550,17001,167,5.5,1.8,4
LOG-502936,USR-2090,2024-08-07,HIIT,58,674,18882,148,5.5,1.0,1
LOG-503081,USR-2287,2024-08-07,HIIT,99,601,2032,72,5.6,1.4,3
LOG-502560,USR-2030,2024-08-07,Gym Workout,118,781,6933,86,6.7,1.4,3
LOG-501262,USR-2251,2024-08-07,Swimming,11,548,17387,146,4.3,1.5,1
LOG-500686,USR-2271,2024-08-08,Gym Workout,21,481,11006,174,8.9,0.6,1
LOG-502327,USR-2190,2024-08-08,Yoga,71,445,13878,93,4.5,2.3,2
LOG-500808,USR-2040,2024-08-08,Yoga,72,730,16179,164,6.4,1.1,1
LOG-502933,USR-2138,2024-08-08,Cycling,34,603,15678,73,5.4,1.4,4
LOG-500445,USR-2013,2024-08-09,Yoga,90,53,17507,143,6.9,2.6,2
LOG-500248,USR-2298,2024-08-09,Swimming,100,480,16962,120,4.3,3.2,5
LOG-502411,USR-2175,2024-08-09,HIIT,38,675,1271,70,8.3,3.9,2
LOG-503200,USR-2020,2024-08-09,Yoga,87,243,16395,178,5.7,1.5,5
LOG-503450,USR-2116,2024-08-09,Running,22,392,13755,102,7.9,3.2,4
LOG-501205,USR-2123,2024-08-09,Cycling,69,184,6375,91,8.2,2.3,2
LOG-500817,USR-2081,2024-08-09,Walking,104,434,9185,100,6.1,1.7,1
LOG-502314,USR-2169,2024-08-09,Running,72,261,12475,76,4.0,3.2,4
LOG-500289,USR-2273,2024-08-09,Swimming,43,584,15854,76,4.2,3.3,2
LOG-501337,USR-2117,2024-08-09,Gym Workout,75,623,12774,127,7.5,3.0,5
LOG-501733,USR-2215,2024-08-09,Swimming,17,411,1495,133,6.9,3.3,4
LOG-503400,USR-2241,2024-08-09,Running,50,197,17428,141,6.3,3.3,3
LOG-501246,USR-2235,2024-08-10,Yoga,96,223,10407,105,5.3,3.6,1
LOG-502784,USR-2225,2024-08-10,Yoga,54,626,16292,74,6.9,2.8,1
LOG-502095,USR-2115,2024-08-10,Yoga,73,872,3773,125,5.1,0.8,5
LOG-501747,USR-2244,2024-08-10,HIIT,77,251,9048,117,4.4,0.6,5
LOG-503110,USR-2089,2024-08-10,Running,80,434,13303,165,4.5,3.6,4
LOG-502789,USR-2082,2024-08-10,HIIT,26,242,15129,145,8.4,3.4,5
LOG-502651,USR-2117,2024-08-10,Walking,84,274,5531,120,4.8,2.2,4
LOG-501954,USR-2262,2024-08-11,Cycling,78,688,13586,165,8.0,1.4,5
LOG-502742,USR-2074,2024-08-11,Gym Workout,96,860,1793,122,5.9,3.1,2
LOG-502402,USR-2214,2024-08-11,Yoga,101,491,3362,162,5.8,1.8,1
LOG-502057,USR-2192,2024-08-11,Yoga,115,338,15873,171,8.5,3.3,4
LOG-501046,USR-2178,2024-08-11,Walking,14,343,6247,151,8.1,3.7,3
LOG-500399,USR-2245,2024-08-11,Gym Workout,86,723,10764,102,5.5,2.7,2
LOG-501926,USR-2136,2024-08-11,Gym Workout,12,302,6192,94,4.3,2.2,3
LOG-500542,USR-2132,2024-08-11,HIIT,29,346,4923,85,8.7,1.6,5
LOG-502554,USR-2037,2024-08-11,Walking,117,613,7159,104,8.1,3.5,2
LOG-500463,USR-2120,2024-08-11,Gym Workout,85,597,14564,126,8.0,2.6,1
LOG-502368,USR-2226,2024-08-11,Swimming,82,804,573,146,7.8,2.3,1
LOG-500273,USR-2292,2024-08-11,Swimming,115,345,18365,164,8.4,0.5,5
LOG-501757,USR-2297,2024-08-11,Yoga,39,485,1657,86,6.6,1.0,2
LOG-500792,USR-2179,2024-08-11,Running,30,242,8800,164,8.9,3.2,4
LOG-500450,USR-2101,2024-08-11,Walking,33,683,13868,100,8.9,2.7,2
LOG-503379,USR-2176,2024-08-12,Swimming,83,846,14781,143,4.6,3.3,3
LOG-501569,USR-2102,2024-08-12,Running,22,714,1828,162,6.8,1.7,3
LOG-501614,USR-2080,2024-08-12,HIIT,87,493,4591,177,4.9,3.6,1
LOG-501481,USR-2158,2024-08-12,Swimming,67,604,13610,151,8.3,3.6,1
LOG-501452,USR-2150,2024-08-12,Gym Workout,85,61,7628,108,5.9,1.8,4
LOG-502126,USR-2272,2024-08-12,Yoga,85,595,19750,173,7.2,2.5,1
LOG-503309,USR-2195,2024-08-12,Swimming,84,601,4799,170,4.5,2.4,4
LOG-500606,USR-2098,2024-08-12,Running,13,340,4730,139,4.4,0.6,2
LOG-502162,USR-2151,2024-08-12,Running,45,50,11463,177,6.0,1.6,5
LOG-500512,USR-2082,2024-08-12,Yoga,79,90,13083,97,4.1,2.7,5
LOG-502935,USR-2261,2024-08-12,Walking,80,755,10132,105,7.5,1.5,1
LOG-500968,USR-2204,2024-08-12,Yoga,95,187,14273,112,4.5,1.8,3
LOG-502804,USR-2145,2024-08-12,HIIT,84,860,18342,109,5.5,1.3,5
LOG-502835,USR-2162,2024-08-13,Walking,71,166,10224,147,5.9,3.2,3
LOG-500300,USR-2227,2024-08-13,Yoga,65,842,16617,92,8.7,2.5,1
LOG-500477,USR-2157,2024-08-13,Gym Workout,26,385,10230,171,5.2,2.2,2
LOG-503087,USR-2240,2024-08-13,Swimming,102,517,4841,124,4.4,3.5,2
LOG-502206,USR-2103,2024-08-13,Cycling,23,697,8370,99,6.5,0.7,2
LOG-502693,USR-2039,2024-08-13,Walking,55,722,5838,106,5.5,0.7,2
LOG-503039,USR-2179,2024-08-13,Yoga,55,477,1471,114,7.9,3.5,5
LOG-501630,USR-2058,2024-08-13,Swimming,96,860,14209,83,6.8,3.2,4
LOG-500417,USR-2009,2024-08-14,Cycling,79,632,12381,170,6.5,1.6,2
LOG-500342,USR-2298,2024-08-14,Running,83,733,18177,106,7.0,1.9,1
LOG-501510,USR-2079,2024-08-14,Walking,61,842,9875,121,6.4,2.8,3
LOG-500652,USR-2062,2024-08-14,Yoga,56,676,4646,78,4.5,1.3,5
LOG-500030,USR-2114,2024-08-14,Swimming,73,855,7048,176,8.5,1.4,2
LOG-500278,USR-2030,2024-08-15,HIIT,48,136,13390,172,8.3,2.7,3
LOG-500257,USR-2183,2024-08-15,Running,106,793,7664,159,6.4,3.9,1
LOG-502291,USR-2036,2024-08-15,Yoga,74,807,1083,163,7.6,1.6,2
LOG-502417,USR-2284,2024-08-15,HIIT,109,646,6207,83,6.1,2.8,3
LOG-501193,USR-2005,2024-08-15,Gym Workout,79,768,12751,108,7.6,2.8,4
LOG-503295,USR-2293,2024-08-15,Swimming,10,584,1088,167,8.3,0.8,1
LOG-503192,USR-2288,2024-08-15,Gym Workout,57,869,9275,98,4.8,1.2,2
LOG-501174,USR-2294,2024-08-15,Cycling,64,752,8819,93,5.7,3.5,5
LOG-500488,USR-2179,2024-08-15,Yoga,79,305,18577,80,6.6,2.3,4
LOG-503378,USR-2290,2024-08-15,Gym Workout,25,371,7768,97,8.8,1.9,1
LOG-502069,USR-2163,2024-08-15,Gym Workout,43,116,17225,111,4.8,2.7,3
LOG-501142,USR-2277,2024-08-15,Yoga,103,511,4884,94,8.2,3.7,3
LOG-501356,USR-2080,2024-08-15,Cycling,40,124,19709,92,5.9,1.4,4
LOG-502954,USR-2025,2024-08-15,Walking,72,580,2221,90,5.1,2.8,3
LOG-502780,USR-2272,2024-08-16,Walking,21,607,17626,81,4.1,2.6,1
LOG-503273,USR-2081,2024-08-16,Running,55,432,9105,147,7.9,3.1,5
LOG-502531,USR-2018,2024-08-16,Yoga,80,147,16165,157,8.1,3.1,2
LOG-500640,USR-2005,2024-08-16,Cycling,58,62,9502,94,4.6,3.4,5
LOG-502907,USR-2237,2024-08-16,Running,80,462,3200,155,6.5,3.9,2
LOG-503176,USR-2270,2024-08-16,Yoga,62,257,12684,177,5.0,1.0,3
LOG-501342,USR-2150,2024-08-16,Gym Workout,13,634,8157,158,6.3,0.8,2
LOG-500227,USR-2095,2024-08-17,Yoga,105,70,15056,98,8.0,1.7,2
LOG-500268,USR-2283,2024-08-17,Walking,82,235,19484,151,7.8,2.4,4
LOG-500671,USR-2123,2024-08-17,Yoga,85,734,8195,172,7.7,1.2,4
LOG-501134,USR-2263,2024-08-17,Walking,104,329,14286,162,8.7,3.8,4
LOG-501641,USR-2093,2024-08-17,HIIT,116,155,11145,174,7.7,0.9,2
LOG-501984,USR-2156,2024-08-17,Yoga,104,439,19476,102,5.9,1.1,2
LOG-502091,USR-2271,2024-08-17,Cycling,103,882,18206,168,7.6,1.8,4
LOG-502983,USR-2090,2024-08-17,Swimming,13,661,7077,108,7.6,3.4,1
LOG-502457,USR-2275,2024-08-17,HIIT,97,390,9367,165,5.2,2.0,5
LOG-500378,USR-2294,2024-08-17,Gym Workout,116,846,19792,106,5.4,0.8,2
LOG-502465,USR-2285,2024-08-17,Walking,73,135,10692,108,6.8,1.9,2
LOG-503168,USR-2039,2024-08-18,Cycling,55,231,14880,166,7.3,1.1,5
LOG-501738,USR-2099,2024-08-18,Swimming,50,460,7265,115,5.8,3.4,2
LOG-503070,USR-2212,2024-08-18,Swimming,76,451,7432,74,8.4,2.6,3
LOG-502970,USR-2168,2024-08-18,Walking,59,694,6948,170,6.0,2.7,1
LOG-503155,USR-2029,2024-08-18,Swimming,112,276,4143,107,6.4,3.7,3
LOG-502826,USR-2012,2024-08-18,Walking,85,538,11087,93,8.6,1.8,5
LOG-502546,USR-2024,2024-08-18,Walking,114,636,18801,152,7.5,2.1,5
LOG-502222,USR-2033,2024-08-18,Gym Workout,80,355,884,169,4.8,2.1,5
LOG-502912,USR-2251,2024-08-19,Gym Workout,70,174,4434,174,7.5,2.2,2
LOG-501372,USR-2139,2024-08-19,Running,27,830,12782,115,8.0,1.2,3
LOG-503129,USR-2260,2024-08-19,HIIT,74,470,9928,88,4.8,0.9,4
LOG-501327,USR-2130,2024-08-19,HIIT,89,266,2717,103,5.1,3.0,5
LOG-501360,USR-2237,2024-08-19,Running,115,307,9805,127,5.1,1.7,3
LOG-502684,USR-2053,2024-08-19,Running,81,229,5174,175,8.7,2.1,5
LOG-502670,USR-2082,2024-08-19,Gym Workout,26,414,2748,145,4.2,1.5,5
LOG-500153,USR-2252,2024-08-19,Gym Workout,27,82,7261,87,8.6,3.3,2
LOG-500226,USR-2288,2024-08-19,Cycling,21,536,2496,81,8.0,2.4,3
LOG-502944,USR-2200,2024-08-19,Walking,115,153,16929,129,7.9,0.6,5
LOG-500144,USR-2240,2024-08-20,Walking,17,237,17613,75,8.2,3.0,1
LOG-503217,USR-2201,2024-08-20,Gym Workout,85,294,4322,107,6.2,0.6,2
LOG-502750,USR-2089,2024-08-20,Running,117,781,17479,148,6.3,1.4,4
LOG-501239,USR-2180,2024-08-20,Swimming,52,262,4035,148,6.9,1.1,3
LOG-500228,USR-2010,2024-08-20,Running,22,598,15445,81,8.3,1.8,4
LOG-500437,USR-2073,2024-08-20,Running,61,740,8124,125,5.3,1.0,1
LOG-500494,USR-2290,2024-08-20,Running,55,382,5815,72,8.1,0.7,5
LOG-501352,USR-2236,2024-08-20,Walking,78,850,2658,154,7.6,2.5,2
LOG-502768,USR-2147,2024-08-20,Gym Workout,56,88,10980,157,5.1,3.5,4
LOG-500654,USR-2019,2024-08-20,Walking,90,393,8269,179,4.3,3.0,4
LOG-502642,USR-2298,2024-08-20,Cycling,55,583,3399,156,6.0,0.9,1
LOG-501826,USR-2086,2024-08-21,Cycling,72,895,2227,171,8.4,1.0,4
LOG-500630,USR-2135,2024-08-21,Swimming,86,255,13151,91,7.7,3.6,5
LOG-502634,USR-2113,2024-08-21,HIIT,76,210,18992,160,8.4,1.1,5
LOG-501640,USR-2054,2024-08-21,HIIT,80,353,7099,167,8.5,2.4,4
LOG-500939,USR-2164,2024-08-21,HIIT,76,254,18757,158,5.5,1.6,3
LOG-501811,USR-2165,2024-08-21,Gym Workout,104,64,1587,148,8.9,1.3,4
LOG-500365,USR-2219,2024-08-21,Yoga,60,78,13220,96,8.9,0.6,4
LOG-502370,USR-2146,2024-08-21,Gym Workout,112,563,9664,89,8.9,2.0,1
LOG-500302,USR-2235,2024-08-21,Yoga,83,439,4664,167,7.0,3.3,5
LOG-502756,USR-2107,2024-08-21,Gym Workout,96,776,19229,91,7.4,1.2,2
LOG-502519,USR-2110,2024-08-21,Running,19,727,16091,170,7.1,3.8,3
LOG-501321,USR-2214,2024-08-21,Cycling,56,68,12084,132,7.4,1.9,2
LOG-500254,USR-2080,2024-08-21,Walking,32,470,5063,178,8.3,2.6,1
LOG-502404,USR-2021,2024-08-21,Walking,41,560,4209,90,7.9,1.3,5
LOG-502952,USR-2194,2024-08-21,Yoga,48,512,1666,121,6.2,1.9,5
LOG-500991,USR-2229,2024-08-21,Running,49,228,19842,124,6.0,2.0,4
LOG-501221,USR-2191,2024-08-22,Walking,93,264,1126,174,7.0,3.8,4
LOG-502499,USR-2252,2024-08-22,Running,76,508,10961,163,5.7,0.8,1
LOG-501190,USR-2199,2024-08-22,Walking,62,614,1879,86,8.4,3.8,2
LOG-502844,USR-2281,2024-08-22,Walking,32,381,15479,179,4.8,1.2,4
LOG-503391,USR-2173,2024-08-22,HIIT,28,212,3055,175,5.1,2.9,1
LOG-500556,USR-2023,2024-08-22,Swimming,14,609,5891,102,7.9,2.6,5
LOG-500055,USR-2091,2024-08-22,Yoga,33,357,16227,96,7.7,2.7,5
LOG-503101,USR-2062,2024-08-22,Yoga,49,402,976,172,8.3,3.7,1
LOG-503353,USR-2207,2024-08-22,Running,64,752,2167,125,4.3,2.6,5
LOG-503231,USR-2222,2024-08-22,Cycling,77,161,3877,95,4.4,2.2,5
LOG-501735,USR-2190,2024-08-22,Swimming,88,95,11812,172,5.8,2.4,4
LOG-501296,USR-2081,2024-08-23,Walking,50,524,5858,162,7.9,3.3,5
LOG-501093,USR-2085,2024-08-23,Running,101,591,3208,71,8.3,0.8,4
LOG-500651,USR-2299,2024-08-23,Running,99,419,6474,151,6.4,1.1,2
LOG-501415,USR-2082,2024-08-23,Yoga,32,350,17263,77,7.1,3.0,1
LOG-502582,USR-2132,2024-08-23,Running,32,151,19074,76,8.7,3.6,3
LOG-500260,USR-2145,2024-08-23,Yoga,76,405,11171,78,8.8,3.6,3
LOG-501787,USR-2189,2024-08-23,Swimming,13,683,948,115,8.6,1.7,3
LOG-502473,USR-2247,2024-08-23,Yoga,45,875,2958,107,8.5,1.8,5
LOG-503123,USR-2245,2024-08-23,Gym Workout,24,655,17479,85,8.4,3.3,3
LOG-501025,USR-2121,2024-08-23,Gym Workout,108,295,9201,102,5.9,3.8,4
LOG-501294,USR-2049,2024-08-24,Gym Workout,62,425,3677,93,7.1,2.9,5
LOG-501661,USR-2236,2024-08-24,HIIT,33,103,505,126,9.0,1.3,5
LOG-500425,USR-2055,2024-08-24,Cycling,23,315,12937,91,7.6,1.1,3
LOG-501889,USR-2204,2024-08-24,Cycling,106,623,19030,157,4.5,2.7,5
LOG-503006,USR-2238,2024-08-24,Running,90,393,10004,71,7.3,0.9,2
LOG-500296,USR-2109,2024-08-24,Running,117,325,16744,156,8.0,2.2,2
LOG-502620,USR-2289,2024-08-24,HIIT,15,445,959,105,4.5,3.4,2
LOG-502875,USR-2106,2024-08-24,Yoga,105,281,13504,133,8.6,1.5,4
LOG-502392,USR-2234,2024-08-24,Running,49,157,19038,172,5.7,2.9,5
LOG-500529,USR-2199,2024-08-24,Gym Workout,59,442,11386,106,4.0,1.4,3
LOG-501075,USR-2081,2024-08-24,Cycling,29,103,6451,94,6.0,0.5,3
LOG-502064,USR-2209,2024-08-24,Yoga,44,366,19690,141,4.7,2.2,4
LOG-502574,USR-2015,2024-08-24,Walking,52,275,10386,163,4.7,3.1,4
LOG-502972,USR-2227,2024-08-24,Cycling,84,742,16043,143,7.3,2.2,1
LOG-502669,USR-2083,2024-08-25,Cycling,90,452,15933,77,7.9,1.0,3
LOG-501690,USR-2224,2024-08-25,Swimming,42,343,3232,81,7.2,3.2,5
LOG-501351,USR-2090,2024-08-25,Walking,19,506,3918,122,5.0,3.8,4
LOG-500875,USR-2039,2024-08-25,Yoga,49,584,11123,120,7.0,2.3,2
LOG-502818,USR-2101,2024-08-25,Yoga,70,407,15707,170,8.5,0.9,4
LOG-500967,USR-2250,2024-08-25,Swimming,44,771,18736,155,5.5,1.6,4
LOG-501058,USR-2185,2024-08-25,Cycling,115,670,19726,123,5.2,2.0,2
LOG-501449,USR-2287,2024-08-25,Yoga,87,388,1078,144,6.7,2.1,1
LOG-502221,USR-2100,2024-08-25,Walking,43,472,2245,151,4.8,3.8,2
LOG-502994,USR-2293,2024-08-25,Yoga,37,375,15384,177,5.2,0.9,4
LOG-500091,USR-2023,2024-08-26,Yoga,74,863,11544,161,5.9,0.8,1
LOG-502599,USR-2290,2024-08-26,HIIT,116,209,9218,166,5.1,3.9,5
LOG-503142,USR-2222,2024-08-26,Swimming,32,303,1481,165,5.8,1.2,5
LOG-503498,USR-2010,2024-08-26,Swimming,70,247,680,146,8.1,3.3,5
LOG-501129,USR-2184,2024-08-26,Cycling,43,128,10293,161,4.1,0.5,1
LOG-501282,USR-2005,2024-08-26,Running,118,408,1131,110,8.4,0.7,4
LOG-502585,USR-2237,2024-08-26,Swimming,113,657,17108,177,7.6,3.2,3
LOG-500859,USR-2251,2024-08-26,Yoga,28,277,2982,95,7.1,2.0,1
LOG-500855,USR-2265,2024-08-27,Running,113,795,18672,90,5.3,2.4,3
LOG-503151,USR-2250,2024-08-27,Walking,76,670,19066,109,7.8,0.6,1
LOG-503040,USR-2078,2024-08-27,Yoga,38,153,12330,81,8.7,2.3,1
LOG-502333,USR-2108,2024-08-28,Running,85,70,6635,86,5.1,1.4,5
LOG-500483,USR-2184,2024-08-28,Running,36,790,4652,169,6.4,3.2,4
LOG-501308,USR-2170,2024-08-28,Gym Workout,27,296,9598,144,6.5,0.7,5
LOG-501629,USR-2276,2024-08-28,Swimming,111,171,13439,160,7.7,1.1,2
LOG-500890,USR-2278,2024-08-28,Yoga,19,824,7780,84,5.4,2.2,3
LOG-501275,USR-2135,2024-08-29,Walking,19,463,14950,124,5.7,3.1,4
LOG-502698,USR-2230,2024-08-29,Yoga,26,633,5196,112,4.0,1.1,3
LOG-500752,USR-2055,2024-08-29,Walking,20,79,13915,139,5.5,0.9,5
LOG-502654,USR-2050,2024-08-29,HIIT,109,787,7181,157,4.3,1.7,4
LOG-501328,USR-2216,2024-08-29,Cycling,115,834,1013,170,4.5,3.5,2
LOG-500756,USR-2194,2024-08-29,Yoga,117,597,668,147,8.7,3.5,1
LOG-500071,USR-2146,2024-08-29,Cycling,68,426,18573,144,8.0,2.3,1
LOG-502231,USR-2284,2024-08-29,Running,72,52,6122,151,6.1,1.9,5
LOG-500134,USR-2226,2024-08-29,Swimming,38,379,3754,179,6.7,2.8,4
LOG-502202,USR-2084,2024-08-29,Swimming,11,269,8062,137,5.8,3.1,1
LOG-501635,USR-2141,2024-08-29,Walking,105,475,6942,165,5.4,3.6,1
LOG-501686,USR-2163,2024-08-30,HIIT,62,331,19146,129,7.4,0.9,3
LOG-502624,USR-2032,2024-08-30,Yoga,12,171,13575,128,5.7,2.8,2
LOG-501535,USR-2293,2024-08-30,Swimming,16,692,9588,97,8.6,3.2,2
LOG-500564,USR-2158,2024-08-30,Gym Workout,81,838,12898,76,8.0,3.0,5
LOG-500799,USR-2081,2024-08-30,Swimming,71,245,8850,86,5.2,1.3,4
LOG-500994,USR-2245,2024-08-30,Walking,72,152,12451,83,6.5,3.2,2
LOG-500009,USR-2201,2024-08-30,Swimming,36,807,896,133,6.9,3.0,5
LOG-501693,USR-2224,2024-08-30,Swimming,68,382,11774,124,6.7,2.7,5
LOG-501716,USR-2055,2024-08-30,Yoga,76,330,4637,85,7.2,2.4,1
LOG-501169,USR-2005,2024-08-30,HIIT,58,786,14191,99,8.7,2.1,1
LOG-502958,USR-2067,2024-08-30,Cycling,102,198,18888,110,7.0,3.4,5
LOG-501421,USR-2185,2024-08-31,Yoga,34,591,7939,75,6.3,2.9,4
LOG-502366,USR-2137,2024-08-31,Cycling,106,664,14376,117,7.5,0.9,1
LOG-503339,USR-2090,2024-08-31,Swimming,70,545,18195,135,4.3,2.2,1
LOG-502992,USR-2120,2024-08-31,Cycling,19,69,17768,85,7.3,2.6,4
LOG-501482,USR-2285,2024-08-31,Walking,15,241,19025,115,5.8,1.2,4
LOG-501830,USR-2122,2024-08-31,Gym Workout,58,530,9416,89,8.2,2.4,2
LOG-503025,USR-2136,2024-08-31,Swimming,89,806,14774,129,4.7,0.5,2
LOG-501746,USR-2166,2024-09-01,Cycling,114,818,2780,113,4.7,1.4,1
LOG-502171,USR-2113,2024-09-01,Gym Workout,66,96,3931,92,8.6,3.8,1
LOG-501266,USR-2285,2024-09-01,Yoga,65,324,1237,145,5.0,2.1,4
LOG-501644,USR-2039,2024-09-01,Cycling,40,785,15755,175,8.3,1.9,4
LOG-501974,USR-2012,2024-09-01,Walking,92,66,15893,111,6.0,2.9,5
LOG-501101,USR-2227,2024-09-01,Cycling,37,773,2236,89,5.3,0.6,1
LOG-500112,USR-2082,2024-09-01,Walking,88,157,13178,74,8.1,1.3,5
LOG-501592,USR-2166,2024-09-01,Running,119,454,3910,152,8.4,3.6,1
LOG-501269,USR-2162,2024-09-01,Swimming,88,443,4828,142,4.0,2.9,2
LOG-502894,USR-2267,2024-09-01,Cycling,87,394,10677,73,7.5,3.5,3
LOG-502544,USR-2282,2024-09-02,Gym Workout,59,205,3649,151,8.3,1.9,4
LOG-503435,USR-2269,2024-09-02,Yoga,82,676,1965,96,4.4,1.2,3
LOG-500330,USR-2057,2024-09-02,Cycling,114,428,5392,165,5.4,2.2,1
LOG-500891,USR-2067,2024-09-02,Walking,110,271,15796,84,6.9,0.9,5
LOG-500642,USR-2225,2024-09-02,Cycling,26,742,5003,98,5.8,1.2,4
LOG-500334,USR-2020,2024-09-02,Running,45,795,728,133,5.6,2.3,5
LOG-500977,USR-2218,2024-09-02,Cycling,110,412,12463,160,5.7,1.1,5
LOG-500717,USR-2203,2024-09-02,Walking,22,670,4018,72,7.0,3.5,1
LOG-501120,USR-2212,2024-09-02,Yoga,84,174,12809,129,5.2,3.7,1
LOG-503182,USR-2033,2024-09-02,Gym Workout,102,241,2885,119,5.2,3.4,3
LOG-500516,USR-2245,2024-09-02,HIIT,117,583,6699,105,6.0,2.9,5
LOG-503222,USR-2276,2024-09-02,Swimming,40,485,894,70,7.9,1.7,4
LOG-501691,USR-2203,2024-09-03,HIIT,59,674,17229,97,7.9,2.7,2
LOG-501660,USR-2055,2024-09-03,Running,29,742,16967,128,6.1,0.5,3
LOG-501160,USR-2089,2024-09-03,Walking,12,400,14696,126,7.5,1.4,4
LOG-503283,USR-2293,2024-09-03,Running,69,91,11281,90,6.6,1.7,5
LOG-502425,USR-2157,2024-09-03,Swimming,11,575,8414,109,7.3,2.2,1
LOG-500949,USR-2211,2024-09-03,Running,98,443,5393,93,7.7,1.7,2
LOG-500367,USR-2056,2024-09-03,Swimming,108,563,12971,149,6.2,3.6,2
LOG-503003,USR-2167,2024-09-03,Cycling,89,224,12537,158,7.6,2.9,2
LOG-500732,USR-2072,2024-09-03,Running,118,575,1042,150,8.7,0.9,2
LOG-501929,USR-2106,2024-09-04,Yoga,82,381,3584,73,5.3,3.5,2
LOG-500954,USR-2157,2024-09-04,HIIT,43,371,9953,86,4.1,3.7,5
LOG-501406,USR-2040,2024-09-04,HIIT,60,851,7930,100,4.8,2.7,2
LOG-503269,USR-2079,2024-09-04,Yoga,40,418,19608,127,4.2,1.4,5
LOG-502517,USR-2261,2024-09-04,Gym Workout,118,518,3126,97,8.1,1.1,1
LOG-502727,USR-2276,2024-09-04,Swimming,43,630,5905,176,4.1,2.7,1
LOG-500932,USR-2014,2024-09-04,Walking,48,602,17759,140,7.7,2.7,1
LOG-500034,USR-2183,2024-09-04,Walking,89,568,14511,87,6.9,2.8,4
LOG-500218,USR-2268,2024-09-04,Walking,28,209,9111,138,8.8,1.0,3
LOG-501501,USR-2250,2024-09-04,Cycling,83,860,10714,130,5.8,3.5,1
LOG-503483,USR-2253,2024-09-05,Walking,42,128,2395,136,5.7,2.6,3
LOG-503352,USR-2189,2024-09-05,Yoga,94,540,2628,126,4.1,3.0,3
LOG-502488,USR-2027,2024-09-05,HIIT,53,807,14639,123,8.4,3.1,3
LOG-502243,USR-2106,2024-09-05,HIIT,92,807,7170,150,7.2,3.9,4
LOG-501364,USR-2152,2024-09-05,Walking,22,129,8219,97,8.4,2.9,4
LOG-502565,USR-2191,2024-09-05,Cycling,45,796,7355,74,5.4,2.7,5
LOG-503411,USR-2234,2024-09-05,Running,11,831,10965,112,7.2,2.6,5
LOG-503073,USR-2007,2024-09-05,Yoga,16,267,4422,131,7.1,0.5,1
LOG-502276,USR-2087,2024-09-05,Gym Workout,61,814,5101,117,8.8,3.8,1
LOG-502444,USR-2088,2024-09-06,Swimming,57,184,5606,106,5.9,0.5,5
LOG-501366,USR-2173,2024-09-06,HIIT,103,654,7713,170,8.0,1.7,3
LOG-500184,USR-2214,2024-09-06,Gym Workout,75,144,12290,170,7.9,2.4,1
LOG-500396,USR-2089,2024-09-06,Gym Workout,54,617,18692,79,6.2,3.5,3
LOG-502910,USR-2059,2024-09-06,Walking,62,755,9892,160,6.3,2.9,1
LOG-500685,USR-2020,2024-09-06,Gym Workout,35,373,13664,150,7.9,2.8,4
LOG-501674,USR-2109,2024-09-06,Running,17,241,17658,83,4.4,1.5,2
LOG-503277,USR-2175,2024-09-06,Running,79,260,6548,123,4.4,1.7,5
LOG-500242,USR-2201,2024-09-06,Cycling,45,779,10364,159,7.4,3.7,4
LOG-502660,USR-2167,2024-09-06,Yoga,118,511,9923,73,7.1,1.3,5
LOG-501726,USR-2088,2024-09-06,Cycling,50,390,19081,72,8.6,2.8,2
LOG-501489,USR-2277,2024-09-06,Swimming,100,383,11000,130,7.3,4.0,4
LOG-500735,USR-2020,2024-09-07,HIIT,15,130,1037,73,7.6,0.7,2
LOG-500585,USR-2059,2024-09-07,Swimming,78,810,582,111,6.8,2.8,4
LOG-502019,USR-2275,2024-09-07,Gym Workout,35,769,17759,145,9.0,2.2,5
LOG-500870,USR-2091,2024-09-07,Running,63,376,5931,148,6.0,2.2,1
LOG-501654,USR-2021,2024-09-07,HIIT,44,515,12303,157,7.5,1.7,5
LOG-501044,USR-2020,2024-09-07,Yoga,80,465,2597,118,9.0,2.5,3
LOG-501591,USR-2011,2024-09-07,Gym Workout,81,878,4354,145,6.5,3.3,3
LOG-503056,USR-2110,2024-09-07,Walking,24,178,14320,86,7.3,2.0,3
LOG-500230,USR-2119,2024-09-08,Walking,29,790,13210,115,6.2,2.3,2
LOG-502822,USR-2233,2024-09-08,Swimming,41,722,9266,98,5.7,3.8,3
LOG-502898,USR-2286,2024-09-08,Running,86,63,12407,156,8.7,2.1,5
LOG-502809,USR-2107,2024-09-08,Running,93,652,14136,73,8.0,3.1,2
LOG-500653,USR-2259,2024-09-08,Running,52,759,10638,143,5.9,1.8,2
LOG-503145,USR-2229,2024-09-08,Gym Workout,117,155,12075,105,6.3,0.5,2
LOG-502956,USR-2156,2024-09-08,Walking,102,109,9341,104,8.4,0.8,2
LOG-501864,USR-2248,2024-09-08,Walking,117,318,826,72,7.1,3.1,3
LOG-500784,USR-2077,2024-09-09,Walking,104,610,18948,148,8.5,3.6,2
LOG-502600,USR-2176,2024-09-09,Running,63,664,4123,140,7.4,3.1,3
LOG-502571,USR-2052,2024-09-09,Yoga,58,210,5897,117,6.9,2.9,2
LOG-501055,USR-2175,2024-09-09,Running,28,407,15855,153,7.5,3.6,4
LOG-502876,USR-2263,2024-09-09,Running,28,740,1360,175,4.6,2.7,2
LOG-503017,USR-2146,2024-09-10,Yoga,76,675,11854,103,5.4,1.6,5
LOG-502182,USR-2176,2024-09-10,Running,67,114,15145,130,7.2,0.9,2
LOG-500373,USR-2084,2024-09-10,HIIT,34,429,6759,85,6.4,3.1,5
LOG-500431,USR-2199,2024-09-10,Walking,65,738,14028,123,6.3,3.8,2
LOG-502726,USR-2066,2024-09-11,Gym Workout,45,725,8433,161,5.1,2.9,5
LOG-500718,USR-2189,2024-09-11,Cycling,107,447,10211,150,5.0,3.1,1
LOG-500988,USR-2017,2024-09-11,Gym Workout,78,314,14543,73,8.9,1.3,5
LOG-502285,USR-2135,2024-09-11,Running,83,462,6542,157,4.8,0.8,1
LOG-501823,USR-2107,2024-09-11,Cycling,45,527,17665,101,8.0,1.0,5
LOG-500791,USR-2047,2024-09-11,HIIT,85,742,8242,91,7.0,3.3,5
LOG-500804,USR-2181,2024-09-11,Yoga,72,516,16888,85,4.6,3.8,2
LOG-500996,USR-2271,2024-09-11,Yoga,52,272,11243,150,4.5,1.6,4
LOG-503150,USR-2221,2024-09-11,HIIT,112,624,6589,135,4.1,3.6,4
LOG-502998,USR-2221,2024-09-11,Walking,41,323,14145,142,5.3,2.4,4
LOG-500198,USR-2210,2024-09-11,Gym Workout,105,427,3152,141,6.9,1.1,1
LOG-501145,USR-2041,2024-09-11,Running,104,191,8502,138,5.6,3.7,2
LOG-502711,USR-2011,2024-09-12,Walking,77,506,11814,82,6.8,2.4,5
LOG-501176,USR-2028,2024-09-12,HIIT,93,831,1641,159,6.6,3.4,5
LOG-502273,USR-2216,2024-09-12,Gym Workout,21,574,5067,70,6.7,0.8,3
LOG-501845,USR-2236,2024-09-12,Swimming,87,519,4123,107,5.4,1.0,3
LOG-502955,USR-2060,2024-09-12,Yoga,45,65,12211,139,4.7,3.8,1
LOG-501347,USR-2222,2024-09-12,Gym Workout,107,699,13044,167,8.8,1.4,1
LOG-501996,USR-2157,2024-09-13,Yoga,58,406,10957,96,8.7,3.1,4
LOG-500356,USR-2286,2024-09-13,Swimming,23,425,19226,169,5.8,0.9,2
LOG-501439,USR-2144,2024-09-13,HIIT,30,626,16183,158,8.5,2.1,1
LOG-502480,USR-2058,2024-09-13,Walking,18,683,18348,72,5.4,2.2,5
LOG-503042,USR-2066,2024-09-13,Yoga,110,687,14631,76,6.9,3.8,1
LOG-501761,USR-2138,2024-09-14,Swimming,72,611,14747,75,6.4,1.9,1
LOG-501688,USR-2004,2024-09-14,Cycling,34,508,8549,123,4.6,1.4,1
LOG-502227,USR-2098,2024-09-14,Walking,25,551,8267,173,4.4,1.4,2
LOG-503115,USR-2091,2024-09-14,Running,92,454,4645,126,7.6,0.8,5
LOG-500481,USR-2133,2024-09-14,Running,98,125,8018,79,6.5,2.8,1
LOG-502533,USR-2155,2024-09-14,Yoga,117,307,5823,87,5.4,1.6,2
LOG-502549,USR-2157,2024-09-14,Swimming,37,248,9293,154,8.9,1.4,4
LOG-500924,USR-2208,2024-09-14,Walking,60,414,18169,166,8.0,3.2,5
LOG-500234,USR-2183,2024-09-14,Cycling,62,570,19432,78,5.4,1.0,3
LOG-501523,USR-2271,2024-09-14,Yoga,78,153,5675,155,8.9,0.8,5
LOG-500629,USR-2139,2024-09-14,Swimming,54,883,5107,113,7.4,2.1,4
LOG-501994,USR-2213,2024-09-14,Swimming,98,823,1475,104,6.3,1.0,4
LOG-501498,USR-2274,2024-09-15,HIIT,47,527,17686,102,7.7,3.9,1
LOG-502007,USR-2035,2024-09-15,Running,34,121,12792,150,8.9,2.3,5
LOG-502373,USR-2039,2024-09-15,Yoga,118,70,14120,152,8.8,1.7,3
LOG-500420,USR-2265,2024-09-15,Swimming,58,658,16228,103,6.1,3.0,3
LOG-500460,USR-2242,2024-09-15,Gym Workout,92,765,19451,70,8.1,0.6,4
LOG-502540,USR-2277,2024-09-15,Swimming,29,764,8673,99,5.8,1.9,5
LOG-500061,USR-2233,2024-09-15,Walking,33,358,5124,134,5.2,2.6,5
LOG-503159,USR-2150,2024-09-15,Cycling,33,438,4729,132,8.1,3.4,4
LOG-503367,USR-2113,2024-09-15,HIIT,82,545,9014,168,7.6,3.3,3
LOG-502428,USR-2051,2024-09-15,Walking,67,575,17258,115,7.7,3.2,3
LOG-501419,USR-2079,2024-09-15,Gym Workout,36,780,10820,124,4.1,1.8,1
LOG-500959,USR-2147,2024-09-15,HIIT,13,697,17059,84,5.3,2.6,3
LOG-501235,USR-2134,2024-09-15,Walking,106,206,2925,140,4.8,2.3,1
LOG-503035,USR-2007,2024-09-16,Gym Workout,27,664,1785,84,8.2,2.1,5
LOG-502105,USR-2231,2024-09-16,HIIT,48,588,17410,156,6.1,1.4,5
LOG-500114,USR-2275,2024-09-16,Cycling,112,704,18317,133,6.4,3.1,2
LOG-501665,USR-2015,2024-09-16,Swimming,98,244,3245,125,5.7,0.6,5
LOG-500101,USR-2245,2024-09-16,Running,60,247,16085,128,7.6,2.4,1
LOG-500054,USR-2229,2024-09-16,Yoga,54,113,17900,94,7.7,1.7,1
LOG-501521,USR-2224,2024-09-16,Swimming,27,109,5852,163,7.0,0.7,2
LOG-501137,USR-2286,2024-09-17,Walking,52,786,9604,148,5.6,0.5,4
LOG-502410,USR-2017,2024-09-17,Yoga,69,280,8279,104,4.1,3.8,1
LOG-503105,USR-2042,2024-09-17,Walking,24,819,2697,82,6.4,3.3,3
LOG-501602,USR-2237,2024-09-17,Swimming,84,575,10086,179,8.5,0.7,1
LOG-500942,USR-2032,2024-09-17,Walking,21,660,3405,136,5.4,1.6,3
LOG-502592,USR-2082,2024-09-17,Swimming,67,787,5543,103,4.4,0.7,5
LOG-501104,USR-2007,2024-09-17,Walking,52,152,2142,77,6.3,3.1,3
LOG-501941,USR-2008,2024-09-17,Running,74,491,1371,114,6.9,1.4,4
LOG-501940,USR-2087,2024-09-17,Yoga,22,638,3815,120,5.0,3.9,2
LOG-501922,USR-2093,2024-09-17,Walking,81,245,8680,148,8.5,1.3,1
LOG-501307,USR-2162,2024-09-17,Gym Workout,104,245,3760,147,8.7,0.6,4
LOG-500168,USR-2057,2024-09-18,Gym Workout,68,439,17844,91,6.2,3.9,4
LOG-501051,USR-2180,2024-09-18,Swimming,104,602,12115,109,7.0,2.2,4
LOG-500277,USR-2226,2024-09-18,Running,118,326,17631,98,8.6,3.5,3
LOG-502536,USR-2270,2024-09-18,Cycling,80,159,8092,114,8.2,2.6,3
LOG-502905,USR-2013,2024-09-18,Gym Workout,54,576,4192,169,7.1,0.7,4
LOG-500231,USR-2069,2024-09-18,HIIT,73,805,5057,97,7.1,2.0,2
LOG-500696,USR-2254,2024-09-18,HIIT,43,448,14812,159,7.0,2.0,4
LOG-501472,USR-2022,2024-09-18,Yoga,81,66,17854,151,5.5,2.1,2
LOG-501973,USR-2017,2024-09-19,Gym Workout,94,245,8526,88,8.7,3.0,4
LOG-501377,USR-2046,2024-09-19,Cycling,37,510,15099,87,4.5,1.8,5
LOG-500217,USR-2239,2024-09-19,HIIT,32,50,8009,120,8.7,0.5,5
LOG-501151,USR-2186,2024-09-19,Cycling,18,890,17525,152,6.2,1.9,1
LOG-501879,USR-2013,2024-09-19,Running,97,262,14550,170,6.3,2.9,1
LOG-503221,USR-2278,2024-09-19,HIIT,38,425,19719,90,5.3,1.8,1
LOG-503152,USR-2069,2024-09-19,Walking,21,182,9224,135,5.6,2.4,4
LOG-500310,USR-2216,2024-09-19,Cycling,26,165,11171,108,8.0,3.5,3
LOG-502429,USR-2130,2024-09-20,Yoga,47,728,17509,136,5.8,3.3,5
LOG-501389,USR-2222,2024-09-20,Gym Workout,13,77,2210,177,4.0,3.0,1
LOG-502141,USR-2233,2024-09-20,Cycling,84,50,11150,165,7.1,3.6,1
LOG-500943,USR-2084,2024-09-20,Walking,77,232,17205,127,5.6,2.1,4
LOG-501634,USR-2284,2024-09-20,Cycling,54,702,10959,116,7.3,1.9,4
LOG-502840,USR-2048,2024-09-20,Cycling,100,608,7804,137,4.3,3.7,1
LOG-501260,USR-2236,2024-09-21,HIIT,60,104,6864,146,7.1,2.2,3
LOG-503037,USR-2130,2024-09-21,Gym Workout,82,241,1378,139,8.6,1.2,3
LOG-501667,USR-2149,2024-09-21,HIIT,70,332,11617,144,7.9,3.4,1
LOG-501299,USR-2047,2024-09-21,HIIT,27,696,8083,102,4.7,3.1,4
LOG-501855,USR-2213,2024-09-21,Cycling,82,689,14403,157,6.1,3.6,2
LOG-501528,USR-2126,2024-09-21,Running,53,597,10204,159,6.6,0.6,5
LOG-501795,USR-2032,2024-09-21,Gym Workout,71,702,16411,163,8.8,0.6,2
LOG-500835,USR-2049,2024-09-21,Walking,112,761,4083,89,7.7,2.1,2
LOG-501846,USR-2104,2024-09-21,Gym Workout,103,232,7988,125,5.3,3.9,1
LOG-502629,USR-2256,2024-09-21,HIIT,56,55,9313,176,4.3,0.5,3
LOG-502213,USR-2007,2024-09-21,Walking,10,205,2333,167,6.9,2.3,3
LOG-500212,USR-2284,2024-09-21,Running,108,761,2739,159,8.6,1.3,5
LOG-502100,USR-2240,2024-09-21,HIIT,116,870,6043,99,7.5,1.7,1
LOG-500233,USR-2135,2024-09-22,Cycling,103,605,6736,112,9.0,1.2,4
LOG-500623,USR-2280,2024-09-22,Running,42,74,4807,117,6.0,2.2,2
LOG-501899,USR-2253,2024-09-22,HIIT,65,890,4159,120,5.2,3.9,5
LOG-502688,USR-2101,2024-09-22,Gym Workout,21,803,14367,149,6.9,1.4,2
LOG-502110,USR-2082,2024-09-22,Cycling,67,546,14067,96,7.7,1.9,3
LOG-501800,USR-2048,2024-09-22,Swimming,97,624,6000,103,5.8,3.4,2
LOG-500692,USR-2256,2024-09-22,Walking,12,113,4530,150,6.9,2.6,4
LOG-501255,USR-2142,2024-09-22,Cycling,108,134,13027,106,4.7,0.8,4
LOG-502172,USR-2000,2024-09-22,Gym Workout,71,546,3781,110,4.5,3.7,2
LOG-501850,USR-2072,2024-09-22,Gym Workout,85,673,14381,110,7.2,1.5,3
LOG-503148,USR-2234,2024-09-22,Swimming,35,482,11116,159,8.1,0.8,2
LOG-502431,USR-2248,2024-09-23,Walking,47,605,4965,164,7.3,1.6,5
LOG-501409,USR-2222,2024-09-23,Gym Workout,41,621,14421,82,6.5,2.7,5
LOG-502909,USR-2065,2024-09-23,Cycling,35,869,12784,82,8.5,0.7,5
LOG-503331,USR-2161,2024-09-24,Running,26,671,11388,108,6.2,3.6,4
LOG-501132,USR-2067,2024-09-24,Gym Workout,11,803,13956,153,8.2,0.9,5
LOG-503307,USR-2186,2024-09-24,Cycling,61,308,7240,92,7.3,0.6,1
LOG-503426,USR-2062,2024-09-24,Gym Workout,53,264,3049,80,7.2,1.9,1
LOG-500016,USR-2034,2024-09-24,Cycling,84,413,16677,134,6.7,3.3,5
LOG-501695,USR-2200,2024-09-24,Walking,46,321,16555,129,4.5,0.9,4
LOG-503423,USR-2105,2024-09-24,Cycling,57,335,16832,71,8.0,0.9,4
LOG-501780,USR-2130,2024-09-24,Gym Workout,49,204,19159,84,5.4,3.1,1
LOG-503198,USR-2080,2024-09-24,Swimming,119,230,18540,169,8.8,1.4,1
LOG-502377,USR-2172,2024-09-25,Cycling,116,623,19333,149,6.9,3.5,5
LOG-502005,USR-2078,2024-09-25,Swimming,30,886,4873,123,4.7,3.9,5
LOG-500133,USR-2265,2024-09-25,Running,64,250,15162,141,5.1,1.0,3
LOG-501867,USR-2158,2024-09-25,HIIT,117,729,4591,109,4.1,3.9,1
LOG-501456,USR-2184,2024-09-25,Cycling,14,890,3867,110,8.0,1.2,2
LOG-502759,USR-2210,2024-09-25,Running,79,789,9440,135,7.0,3.3,3
LOG-502483,USR-2116,2024-09-25,Gym Workout,48,63,5370,77,5.9,1.8,1
LOG-502250,USR-2162,2024-09-25,Yoga,44,65,7784,111,6.5,1.5,3
LOG-502973,USR-2061,2024-09-25,Running,59,370,14683,157,6.7,1.8,1
LOG-501579,USR-2180,2024-09-26,Walking,88,404,2418,91,5.8,3.9,4
LOG-500813,USR-2231,2024-09-26,Running,56,756,8193,95,8.8,2.5,3
LOG-502178,USR-2039,2024-09-26,Gym Workout,115,517,10039,91,8.1,1.1,2
LOG-501300,USR-2255,2024-09-26,Running,98,392,2558,71,5.9,3.0,5
LOG-501121,USR-2226,2024-09-26,Swimming,82,404,12869,84,6.5,2.0,1
LOG-501194,USR-2040,2024-09-26,Cycling,81,831,2219,175,6.5,0.9,5
LOG-501034,USR-2096,2024-09-26,Cycling,38,639,10689,123,6.5,3.3,1
LOG-501554,USR-2048,2024-09-26,Yoga,80,451,9853,118,4.4,1.2,1
LOG-501003,USR-2061,2024-09-26,HIIT,57,609,8193,108,5.2,2.5,1
LOG-501368,USR-2256,2024-09-26,HIIT,118,357,12218,143,4.7,2.9,5
LOG-500668,USR-2017,2024-09-26,Running,114,691,4985,78,6.9,2.5,5
LOG-500639,USR-2186,2024-09-26,Swimming,36,232,9755,97,7.3,1.9,4
LOG-503343,USR-2027,2024-09-27,Running,51,239,7253,156,8.5,1.5,2
LOG-502245,USR-2029,2024-09-27,HIIT,55,890,5253,146,4.4,3.6,4
LOG-502814,USR-2187,2024-09-27,Walking,21,381,2162,178,6.8,1.9,5
LOG-503051,USR-2133,2024-09-27,HIIT,39,483,10548,98,6.8,1.3,2
LOG-502692,USR-2133,2024-09-27,Gym Workout,105,54,13044,101,5.0,2.4,1
LOG-501398,USR-2124,2024-09-27,Swimming,97,449,3561,130,8.7,1.3,2
LOG-502978,USR-2035,2024-09-27,Running,18,409,2860,175,8.1,1.2,5
LOG-500090,USR-2129,2024-09-27,Yoga,35,244,13192,119,5.3,3.1,5
LOG-502252,USR-2184,2024-09-27,Gym Workout,81,677,10352,89,4.5,0.9,5
LOG-502283,USR-2177,2024-09-28,Gym Workout,55,857,9932,129,4.9,3.6,1
LOG-503281,USR-2010,2024-09-28,Gym Workout,79,838,7842,95,5.3,3.5,3
LOG-501829,USR-2219,2024-09-28,Cycling,71,674,4731,172,6.7,2.3,1
LOG-501978,USR-2023,2024-09-28,Walking,39,342,16343,90,6.6,3.8,3
LOG-503456,USR-2298,2024-09-28,Cycling,52,602,1107,125,6.0,2.9,5
LOG-501021,USR-2128,2024-09-28,Gym Workout,21,193,7496,165,8.2,4.0,2
LOG-500325,USR-2037,2024-09-28,Yoga,113,652,14658,172,7.2,1.0,3
LOG-500684,USR-2249,2024-09-28,Walking,89,194,16378,104,5.5,3.2,1
LOG-503473,USR-2284,2024-09-29,Swimming,85,409,14979,150,5.6,1.0,4
LOG-501099,USR-2176,2024-09-29,Swimming,86,486,3914,142,5.5,2.8,3
LOG-503117,USR-2018,2024-09-29,Gym Workout,42,228,17491,143,5.7,3.7,3
LOG-503059,USR-2144,2024-09-29,Yoga,93,221,16677,114,6.8,2.6,1
LOG-503410,USR-2147,2024-09-29,Swimming,55,117,12398,100,4.0,0.8,2
LOG-500972,USR-2239,2024-09-29,Running,97,243,17588,129,9.0,0.6,1
LOG-501455,USR-2280,2024-09-29,Walking,86,467,14886,164,4.2,1.3,5
LOG-503210,USR-2065,2024-09-29,Walking,46,626,4671,129,7.5,1.2,1
LOG-501491,USR-2153,2024-09-29,Cycling,80,466,12377,153,6.5,1.1,5
LOG-503481,USR-2257,2024-09-29,Swimming,62,203,17150,172,7.5,1.0,1
LOG-500256,USR-2138,2024-09-29,Walking,55,56,3059,165,6.1,2.5,1
LOG-500631,USR-2068,2024-09-30,Walking,79,116,6065,131,7.8,2.5,5
LOG-501881,USR-2000,2024-09-30,Walking,98,61,6033,129,7.1,2.5,2
LOG-502406,USR-2177,2024-09-30,Walking,33,721,16260,105,6.2,1.7,1
LOG-503466,USR-2020,2024-09-30,Swimming,35,86,11403,112,5.3,3.4,2
LOG-502378,USR-2111,2024-09-30,Gym Workout,36,361,9826,150,8.2,1.0,4
LOG-500430,USR-2052,2024-09-30,Yoga,19,193,3565,99,4.7,1.0,5
LOG-501841,USR-2279,2024-09-30,Running,51,93,14540,166,4.1,1.0,4
LOG-503369,USR-2197,2024-09-30,Walking,110,341,15203,127,5.9,2.6,2
LOG-500377,USR-2067,2024-09-30,Swimming,68,291,10913,151,7.6,2.2,1
LOG-502299,USR-2130,2024-09-30,Walking,61,518,10691,148,7.0,2.7,4
LOG-503348,USR-2009,2024-10-01,Swimming,69,687,2732,112,5.8,0.6,2
LOG-502775,USR-2096,2024-10-01,Gym Workout,36,486,11409,112,7.9,1.8,4
LOG-500232,USR-2130,2024-10-01,Gym Workout,11,879,8207,128,6.9,3.1,2
LOG-502689,USR-2003,2024-10-01,Cycling,48,741,8951,136,6.3,0.7,4
LOG-502398,USR-2286,2024-10-01,HIIT,22,135,5060,84,8.4,1.9,3
LOG-501188,USR-2189,2024-10-01,Cycling,105,891,4419,116,8.8,0.8,4
LOG-500395,USR-2041,2024-10-01,Gym Workout,34,396,6068,147,8.1,3.4,3
LOG-501297,USR-2068,2024-10-01,Yoga,76,133,14634,84,8.1,2.6,1
LOG-502773,USR-2204,2024-10-02,Cycling,111,836,12467,164,5.1,2.4,4
LOG-502852,USR-2209,2024-10-02,Swimming,97,267,8414,120,7.4,2.3,3
LOG-503086,USR-2072,2024-10-02,Gym Workout,107,880,10790,115,6.0,0.5,5
LOG-501248,USR-2278,2024-10-02,HIIT,68,490,19707,75,6.9,2.3,5
LOG-500781,USR-2082,2024-10-02,HIIT,63,544,802,74,8.0,0.6,3
LOG-502145,USR-2106,2024-10-02,Running,13,174,10082,160,6.6,3.0,5
LOG-500697,USR-2261,2024-10-02,HIIT,54,306,6974,84,5.2,3.9,2
LOG-500479,USR-2034,2024-10-02,Running,112,466,15074,162,5.1,1.9,5
LOG-500918,USR-2121,2024-10-02,Cycling,30,255,12921,111,4.0,2.4,2
LOG-500824,USR-2118,2024-10-03,Cycling,21,545,9410,113,7.6,3.7,4
LOG-500565,USR-2157,2024-10-03,Running,87,345,18002,155,4.6,2.4,1
LOG-503360,USR-2191,2024-10-03,Yoga,75,614,12964,73,4.2,2.6,3
LOG-501723,USR-2284,2024-10-03,Swimming,53,653,14708,122,5.4,1.8,4
LOG-503392,USR-2173,2024-10-03,Gym Workout,78,852,17741,88,7.4,1.5,3
LOG-500898,USR-2225,2024-10-03,Running,98,401,12627,119,5.1,1.3,2
LOG-502650,USR-2226,2024-10-03,HIIT,53,843,1599,89,7.5,0.5,1
LOG-500186,USR-2199,2024-10-03,HIIT,71,690,2163,78,4.4,2.7,5
LOG-501549,USR-2152,2024-10-03,Gym Workout,33,260,16726,127,8.1,1.4,1
LOG-501200,USR-2224,2024-10-04,Swimming,100,666,10706,140,7.7,2.4,5
LOG-502691,USR-2267,2024-10-04,Cycling,78,365,5182,130,4.4,1.7,1
LOG-500312,USR-2079,2024-10-04,HIIT,31,391,3780,108,7.6,1.1,4
LOG-502071,USR-2030,2024-10-04,Running,49,899,8695,93,8.3,2.6,4
LOG-502079,USR-2133,2024-10-04,Walking,116,709,3250,73,5.6,3.6,3
LOG-502351,USR-2275,2024-10-04,Cycling,27,298,5463,124,6.3,2.3,2
LOG-502407,USR-2159,2024-10-04,Cycling,36,180,4399,165,7.6,0.7,1
LOG-500313,USR-2000,2024-10-04,Running,50,54,3577,160,4.3,1.9,2
LOG-501030,USR-2276,2024-10-05,Yoga,115,803,4969,152,6.0,3.3,2
LOG-503111,USR-2291,2024-10-05,Running,109,574,12665,158,8.5,2.3,3
LOG-501527,USR-2148,2024-10-05,Cycling,48,123,6178,75,8.4,2.3,4
LOG-502832,USR-2277,2024-10-05,Running,82,683,16673,166,8.8,3.4,2
LOG-501639,USR-2147,2024-10-05,Walking,117,739,19160,112,5.1,2.1,4
LOG-500181,USR-2195,2024-10-05,Gym Workout,88,834,15671,114,7.4,3.9,1
LOG-501256,USR-2064,2024-10-05,Yoga,32,409,2299,126,5.3,3.3,5
LOG-500709,USR-2261,2024-10-05,Swimming,88,266,19689,102,6.1,0.6,5
LOG-500647,USR-2021,2024-10-05,HIIT,69,256,8132,121,6.3,2.7,5
LOG-500478,USR-2184,2024-10-05,Yoga,57,850,13804,128,4.1,3.3,1
LOG-500246,USR-2155,2024-10-05,Cycling,50,629,11364,85,4.5,0.6,2
LOG-503317,USR-2142,2024-10-05,Gym Workout,36,428,8487,134,8.4,0.6,1
LOG-502636,USR-2072,2024-10-05,Gym Workout,99,806,6665,171,8.2,1.8,1
LOG-500243,USR-2266,2024-10-06,Yoga,14,849,8719,92,4.7,3.0,5
LOG-503327,USR-2129,2024-10-06,Yoga,23,575,12222,123,7.6,2.4,5
LOG-502823,USR-2154,2024-10-06,HIIT,91,330,5878,118,5.2,3.8,3
LOG-502310,USR-2090,2024-10-06,Yoga,89,427,18944,158,5.6,2.2,5
LOG-501152,USR-2102,2024-10-06,Yoga,118,378,9452,90,7.9,1.7,2
LOG-502856,USR-2016,2024-10-06,Cycling,12,713,11588,107,5.3,3.2,4
LOG-500634,USR-2024,2024-10-06,Swimming,61,278,14168,173,7.5,1.7,2
LOG-500408,USR-2235,2024-10-06,Yoga,12,548,1080,175,4.5,2.7,3
LOG-502374,USR-2199,2024-10-06,Yoga,85,895,18313,98,6.7,2.2,1
LOG-500724,USR-2083,2024-10-07,Cycling,14,456,4806,84,6.7,2.2,4
LOG-503228,USR-2138,2024-10-07,Yoga,80,131,19467,152,6.1,3.8,4
LOG-502721,USR-2089,2024-10-07,HIIT,18,286,3317,82,7.5,2.7,2
LOG-503235,USR-2263,2024-10-07,Gym Workout,51,246,737,71,6.0,3.5,5
LOG-502718,USR-2001,2024-10-07,Yoga,86,692,16814,107,6.9,0.8,3
LOG-503089,USR-2257,2024-10-07,Yoga,62,439,2507,148,6.0,2.7,3
LOG-503080,USR-2126,2024-10-07,Walking,69,702,12354,95,8.7,3.9,2
LOG-500410,USR-2033,2024-10-07,Gym Workout,64,130,10876,136,6.0,3.3,5
LOG-500675,USR-2099,2024-10-08,Swimming,60,423,14111,120,4.4,0.6,2
LOG-502833,USR-2013,2024-10-08,Walking,60,513,7294,125,7.0,1.7,3
LOG-501991,USR-2118,2024-10-08,Gym Workout,86,675,17069,87,7.7,1.2,5
LOG-501912,USR-2243,2024-10-08,Swimming,117,397,6770,154,8.4,1.9,3
LOG-501788,USR-2199,2024-10-08,Gym Workout,100,260,7670,139,6.9,0.6,1
LOG-500881,USR-2012,2024-10-08,Yoga,38,281,11875,170,8.0,1.0,4
LOG-501325,USR-2242,2024-10-08,Running,102,112,7356,115,4.4,1.8,2
LOG-503186,USR-2276,2024-10-08,Yoga,20,694,5714,160,4.7,0.7,2
LOG-500501,USR-2172,2024-10-09,Running,63,340,17136,115,8.2,1.8,3
LOG-502384,USR-2037,2024-10-09,Running,81,829,2852,120,4.5,2.5,2
LOG-503412,USR-2213,2024-10-09,HIIT,55,559,6895,88,5.7,1.8,1
LOG-502189,USR-2039,2024-10-09,Swimming,20,443,6423,130,5.1,1.0,1
LOG-501597,USR-2064,2024-10-09,Walking,51,393,2860,141,5.6,2.4,3
LOG-502278,USR-2224,2024-10-10,Running,87,841,2146,144,4.8,2.3,1
LOG-501873,USR-2102,2024-10-10,Running,67,497,19614,174,5.7,4.0,2
LOG-500540,USR-2250,2024-10-10,HIIT,111,807,19201,99,5.5,2.4,3
LOG-503171,USR-2169,2024-10-10,Yoga,43,200,16396,111,8.1,2.2,3
LOG-503144,USR-2011,2024-10-10,HIIT,52,411,14747,116,5.5,2.0,3
LOG-502555,USR-2223,2024-10-10,Walking,70,339,9168,147,4.6,0.8,5
LOG-501537,USR-2137,2024-10-10,Gym Workout,11,146,10755,160,8.7,3.1,2
LOG-501932,USR-2169,2024-10-10,Walking,78,347,8656,143,4.5,3.3,2
LOG-500192,USR-2162,2024-10-10,Gym Workout,108,208,19710,110,4.7,0.6,2
LOG-503380,USR-2164,2024-10-11,Cycling,82,184,1558,104,8.9,2.0,1
LOG-500384,USR-2070,2024-10-11,Swimming,47,107,10626,145,5.3,1.0,1
LOG-503212,USR-2053,2024-10-11,Running,28,200,9245,75,6.1,2.7,5
LOG-503031,USR-2000,2024-10-11,Cycling,21,609,5889,89,8.8,2.9,4
LOG-502993,USR-2071,2024-10-11,Yoga,113,330,5370,146,6.2,1.3,1
LOG-502526,USR-2173,2024-10-11,Running,20,739,2215,82,9.0,4.0,3
LOG-500904,USR-2110,2024-10-11,Swimming,56,470,5288,70,5.6,3.3,5
LOG-501513,USR-2107,2024-10-11,Gym Workout,85,267,8341,153,4.8,3.4,5
LOG-502265,USR-2207,2024-10-11,HIIT,77,292,13113,140,7.4,2.6,3
LOG-502375,USR-2234,2024-10-12,HIIT,22,366,15398,150,4.2,3.5,4
LOG-503205,USR-2168,2024-10-12,Gym Workout,11,755,18226,171,6.1,0.9,1
LOG-503364,USR-2207,2024-10-12,Swimming,96,523,10127,174,6.4,3.0,3
LOG-500472,USR-2005,2024-10-12,Walking,36,474,10409,105,5.6,2.3,5
LOG-500680,USR-2183,2024-10-12,Gym Workout,78,326,19431,160,6.0,0.8,2
LOG-503113,USR-2201,2024-10-12,Running,16,60,17562,115,4.9,1.9,1
LOG-500353,USR-2241,2024-10-12,HIIT,23,217,16464,125,4.5,2.4,2
LOG-500819,USR-2140,2024-10-12,HIIT,83,594,4237,177,6.5,2.4,1
LOG-502680,USR-2214,2024-10-12,HIIT,58,360,7065,127,8.4,2.5,4
LOG-502420,USR-2035,2024-10-13,Cycling,85,505,8640,99,7.2,1.6,2
LOG-503188,USR-2091,2024-10-13,Yoga,107,861,16351,143,6.0,3.9,1
LOG-501338,USR-2242,2024-10-13,Cycling,58,208,11160,159,8.8,1.7,5
LOG-500022,USR-2017,2024-10-13,Swimming,94,340,19378,119,9.0,3.0,2
LOG-502002,USR-2164,2024-10-13,Cycling,66,660,7345,159,4.6,1.9,5
LOG-502472,USR-2028,2024-10-13,Gym Workout,31,622,3835,94,7.6,3.5,3
LOG-502667,USR-2158,2024-10-13,Running,56,701,18407,93,6.9,2.1,2
LOG-502971,USR-2158,2024-10-13,Walking,38,313,12304,103,5.8,2.6,5
LOG-500469,USR-2171,2024-10-13,Walking,42,150,14345,120,4.7,2.7,3
LOG-502334,USR-2116,2024-10-13,Running,77,499,18875,87,7.1,1.5,1
LOG-500495,USR-2099,2024-10-13,HIIT,83,347,9670,131,6.7,0.9,2
LOG-503045,USR-2067,2024-10-13,HIIT,109,605,16816,143,7.7,1.2,2
LOG-502490,USR-2234,2024-10-13,Walking,29,579,19932,150,7.5,3.4,2
LOG-501790,USR-2150,2024-10-13,Walking,46,149,8839,87,7.6,3.2,2
LOG-501824,USR-2097,2024-10-13,HIIT,113,686,5630,179,5.0,2.0,3
LOG-501225,USR-2130,2024-10-14,HIIT,79,340,3346,141,6.2,3.3,3
LOG-503240,USR-2076,2024-10-14,Cycling,89,645,19773,159,7.1,3.0,4
LOG-502083,USR-2147,2024-10-14,HIIT,11,583,7848,95,4.1,2.6,1
LOG-502193,USR-2252,2024-10-14,Yoga,25,448,9241,168,7.7,1.2,3
LOG-500915,USR-2075,2024-10-14,Yoga,67,858,3315,102,6.2,1.9,5
LOG-502676,USR-2143,2024-10-14,Cycling,111,711,14707,137,5.0,3.9,1
LOG-500175,USR-2032,2024-10-14,HIIT,72,109,2097,106,7.2,1.5,2
LOG-500731,USR-2084,2024-10-14,HIIT,20,110,8472,157,8.1,3.4,3
LOG-502432,USR-2066,2024-10-15,Walking,84,60,9306,169,7.3,3.8,2
LOG-502539,USR-2285,2024-10-15,HIIT,30,570,19893,82,7.4,1.8,1
LOG-502671,USR-2107,2024-10-15,Running,62,880,8126,120,8.3,2.9,5
LOG-502081,USR-2066,2024-10-15,Gym Workout,15,675,13375,174,8.9,1.7,5
LOG-500028,USR-2290,2024-10-15,Running,44,732,11867,128,6.1,3.8,2
LOG-501056,USR-2223,2024-10-15,HIIT,90,775,7184,96,4.6,1.4,2
LOG-501065,USR-2226,2024-10-15,Yoga,19,443,11922,155,5.0,3.5,3
LOG-503141,USR-2295,2024-10-15,Cycling,58,826,5024,128,7.2,2.9,2
LOG-502304,USR-2262,2024-10-15,Swimming,91,120,19105,91,6.1,2.1,1
LOG-501713,USR-2033,2024-10-15,Gym Workout,58,780,1838,178,7.5,3.9,5
LOG-502545,USR-2240,2024-10-16,Walking,13,303,18924,177,8.9,3.7,5
LOG-503439,USR-2147,2024-10-16,Yoga,43,725,10870,93,8.6,1.3,1
LOG-500139,USR-2065,2024-10-16,Walking,42,297,17326,143,6.6,2.9,1
LOG-502464,USR-2295,2024-10-16,Running,72,275,14406,142,7.1,2.9,3
LOG-501329,USR-2016,2024-10-16,Yoga,66,666,11241,110,8.8,1.2,5
LOG-503088,USR-2138,2024-10-16,Running,59,596,17783,163,6.8,3.3,4
LOG-503241,USR-2061,2024-10-16,Cycling,101,65,6045,123,6.7,1.9,3
LOG-502777,USR-2127,2024-10-16,Swimming,24,444,15104,141,8.1,2.6,3
LOG-500382,USR-2104,2024-10-16,Yoga,45,543,15375,152,8.5,3.1,3
LOG-502514,USR-2103,2024-10-17,Cycling,107,863,6382,140,6.6,3.5,1
LOG-501803,USR-2067,2024-10-17,HIIT,55,673,16734,140,7.0,3.4,2
LOG-502459,USR-2052,2024-10-17,Walking,89,435,4971,172,8.8,1.6,1
LOG-502448,USR-2188,2024-10-17,Cycling,80,91,16684,88,8.6,1.0,3
LOG-501659,USR-2008,2024-10-17,Swimming,116,739,3605,162,7.5,2.8,4
LOG-503181,USR-2187,2024-10-17,Yoga,117,864,10457,149,5.2,3.4,5
LOG-502475,USR-2217,2024-10-17,Gym Workout,92,889,6164,151,5.1,3.7,2
LOG-500178,USR-2065,2024-10-17,Swimming,100,766,544,174,7.5,1.1,3
LOG-501692,USR-2252,2024-10-17,Swimming,51,364,9098,87,8.4,2.3,3
LOG-501171,USR-2157,2024-10-17,Cycling,26,360,9525,162,5.8,0.9,4
LOG-501206,USR-2114,2024-10-17,Gym Workout,66,209,19604,179,6.1,2.2,2
LOG-502066,USR-2274,2024-10-18,Yoga,87,836,13012,81,8.3,1.0,2
LOG-503170,USR-2132,2024-10-18,Yoga,48,785,10121,125,6.3,1.4,4
LOG-500123,USR-2088,2024-10-18,Walking,11,186,11430,75,8.9,1.7,1
LOG-501844,USR-2031,2024-10-18,Walking,108,293,12502,114,6.0,2.4,1
LOG-501133,USR-2128,2024-10-18,Cycling,66,525,16583,144,8.8,0.5,2
LOG-501689,USR-2201,2024-10-18,Yoga,50,389,4075,156,8.1,0.5,1
LOG-500138,USR-2216,2024-10-18,Cycling,77,398,17568,88,7.6,3.9,1
LOG-502244,USR-2234,2024-10-18,Gym Workout,41,577,6780,168,6.4,1.0,1
LOG-503499,USR-2207,2024-10-19,Yoga,99,409,17085,104,8.2,2.3,3
LOG-500118,USR-2187,2024-10-19,Yoga,107,702,1441,73,7.5,1.4,1
LOG-500113,USR-2285,2024-10-19,Gym Workout,68,808,11929,111,7.1,0.9,4
LOG-500844,USR-2033,2024-10-19,HIIT,89,543,18923,110,6.9,2.0,2
LOG-502129,USR-2059,2024-10-19,Yoga,112,635,13859,162,8.4,3.2,5
LOG-501201,USR-2233,2024-10-19,Running,41,419,16373,93,7.9,1.4,2
LOG-501815,USR-2118,2024-10-19,Yoga,112,253,16758,74,6.9,1.2,4
LOG-500775,USR-2190,2024-10-19,Swimming,22,264,18840,121,8.1,4.0,1
LOG-502394,USR-2027,2024-10-19,Cycling,96,137,17420,132,7.8,0.5,1
LOG-502468,USR-2231,2024-10-20,HIIT,75,531,15899,105,5.4,3.2,5
LOG-500945,USR-2121,2024-10-20,Walking,13,155,10325,73,8.2,1.1,1
LOG-503079,USR-2218,2024-10-20,Yoga,14,870,18072,132,5.3,3.2,3
LOG-500519,USR-2031,2024-10-20,HIIT,29,90,9720,164,7.5,2.5,1
LOG-500400,USR-2186,2024-10-20,Gym Workout,115,354,13504,133,8.7,1.8,2
LOG-500019,USR-2264,2024-10-20,Cycling,115,485,17617,97,8.7,3.1,3
LOG-502130,USR-2145,2024-10-20,Gym Workout,60,891,12688,173,5.8,2.6,5
LOG-502275,USR-2034,2024-10-20,HIIT,60,406,10516,111,5.5,1.1,5
LOG-501626,USR-2193,2024-10-21,Running,21,144,15516,158,4.0,0.6,5
LOG-501434,USR-2041,2024-10-21,Walking,93,200,17015,143,7.0,1.4,3
LOG-502610,USR-2259,2024-10-21,Running,14,710,9785,102,4.6,2.0,4
LOG-503130,USR-2116,2024-10-21,Cycling,86,346,14435,156,8.0,3.2,4
LOG-502106,USR-2212,2024-10-21,Yoga,20,615,11946,156,5.1,3.4,4
LOG-500694,USR-2075,2024-10-21,Walking,113,314,11513,125,8.7,2.4,4
LOG-501863,USR-2232,2024-10-21,HIIT,26,51,4703,102,7.6,0.7,1
LOG-502785,USR-2226,2024-10-21,Walking,98,158,1798,153,4.0,2.2,1
LOG-500762,USR-2105,2024-10-21,Yoga,21,679,7654,102,4.5,1.9,2
LOG-500269,USR-2058,2024-10-21,Gym Workout,101,599,13472,70,4.1,2.8,5
LOG-502188,USR-2149,2024-10-22,HIIT,45,250,15072,87,4.9,0.7,2
LOG-501766,USR-2019,2024-10-22,Gym Workout,115,796,3049,128,4.3,1.1,5
LOG-500156,USR-2192,2024-10-22,Walking,64,280,6046,135,7.8,1.9,3
LOG-502871,USR-2039,2024-10-22,Yoga,18,414,18064,78,7.0,3.0,1
LOG-502561,USR-2166,2024-10-22,Cycling,106,642,1649,81,6.1,0.9,4
LOG-500533,USR-2220,2024-10-22,Gym Workout,53,304,3569,97,8.4,0.7,2
LOG-501302,USR-2158,2024-10-22,Yoga,67,59,15362,80,8.6,2.0,5
LOG-500830,USR-2225,2024-10-22,Running,92,218,17566,125,7.8,3.9,2
LOG-501457,USR-2073,2024-10-22,Running,65,608,18038,155,4.7,2.2,1
LOG-503313,USR-2214,2024-10-22,Gym Workout,34,760,16265,166,8.7,0.9,4
LOG-502895,USR-2126,2024-10-22,Yoga,101,832,13667,86,6.1,3.0,4
LOG-502450,USR-2002,2024-10-22,Yoga,88,648,15127,71,8.7,1.1,1
LOG-500040,USR-2284,2024-10-22,Swimming,25,207,10659,172,5.7,2.0,4
LOG-503354,USR-2211,2024-10-22,Walking,54,728,5819,80,7.3,2.1,2
LOG-501339,USR-2176,2024-10-22,Gym Workout,14,853,6092,169,7.9,3.0,4
LOG-501397,USR-2056,2024-10-22,Gym Workout,71,488,9246,135,6.1,3.1,1
LOG-500995,USR-2202,2024-10-23,Running,37,352,7514,72,5.6,3.0,2
LOG-500575,USR-2014,2024-10-23,Running,79,616,3452,125,7.6,1.5,3
LOG-502743,USR-2147,2024-10-23,Swimming,40,133,7214,128,7.5,2.8,5
LOG-501359,USR-2204,2024-10-23,Yoga,67,514,14853,92,7.5,3.2,2
LOG-501952,USR-2155,2024-10-23,HIIT,71,102,8675,87,7.0,1.9,1
LOG-500343,USR-2183,2024-10-23,HIIT,61,121,1662,106,7.5,1.3,5
LOG-501748,USR-2008,2024-10-23,Walking,56,465,12031,84,8.8,0.5,1
LOG-501774,USR-2208,2024-10-23,HIIT,78,125,19876,128,5.9,2.8,3
LOG-500646,USR-2240,2024-10-23,Running,115,254,9181,152,6.8,2.7,3
LOG-500862,USR-2113,2024-10-23,Cycling,53,629,16459,150,4.4,3.2,4
LOG-502462,USR-2189,2024-10-23,Walking,76,853,10829,173,5.4,1.2,4
LOG-503202,USR-2090,2024-10-23,Cycling,95,774,7246,79,6.7,1.8,4
LOG-502779,USR-2251,2024-10-23,Yoga,15,139,8742,72,8.9,0.8,5
LOG-502165,USR-2104,2024-10-24,Running,114,720,11241,120,7.1,1.8,1
LOG-500473,USR-2198,2024-10-24,Swimming,92,200,10594,155,5.6,2.4,1
LOG-501414,USR-2263,2024-10-24,Walking,75,696,8069,120,4.9,2.3,5
LOG-502928,USR-2138,2024-10-24,Yoga,22,323,13758,109,4.9,1.6,2
LOG-502819,USR-2271,2024-10-24,Gym Workout,94,198,3973,134,7.1,1.3,5
LOG-502889,USR-2041,2024-10-24,Gym Workout,116,824,16461,142,4.1,3.4,1
LOG-503140,USR-2139,2024-10-24,Running,111,78,10109,79,7.3,1.8,5
LOG-502615,USR-2174,2024-10-24,Cycling,64,725,4890,130,7.2,1.0,2
LOG-503420,USR-2099,2024-10-24,Running,47,278,8360,124,4.1,3.2,2
LOG-502915,USR-2214,2024-10-24,Yoga,55,441,4468,169,5.7,0.7,5
LOG-502887,USR-2081,2024-10-24,Cycling,21,690,2880,127,8.8,1.4,4
LOG-503413,USR-2062,2024-10-25,Walking,104,392,9774,112,7.6,3.6,1
LOG-500427,USR-2237,2024-10-25,Gym Workout,89,374,12694,120,6.2,1.3,5
LOG-502307,USR-2263,2024-10-25,Walking,55,683,9878,75,7.2,2.0,2
LOG-501876,USR-2270,2024-10-25,Running,41,334,3844,157,4.1,1.8,4
LOG-500202,USR-2211,2024-10-25,Yoga,38,336,3620,103,4.0,3.8,4
LOG-502238,USR-2282,2024-10-25,Running,37,339,13358,72,7.4,1.2,5
LOG-501438,USR-2259,2024-10-25,Running,67,640,5030,127,4.3,2.1,4
LOG-503075,USR-2000,2024-10-25,Cycling,65,128,14735,92,5.3,3.2,2
LOG-500024,USR-2151,2024-10-25,Gym Workout,110,548,1654,88,5.6,4.0,1
LOG-500081,USR-2118,2024-10-25,Walking,53,878,19366,150,8.8,3.5,4
LOG-501486,USR-2092,2024-10-25,Walking,21,858,17695,80,4.4,2.4,4
LOG-502696,USR-2095,2024-10-25,Cycling,26,297,5407,145,6.7,3.7,1
LOG-500092,USR-2116,2024-10-25,Swimming,77,531,2842,71,5.6,3.1,1
LOG-500864,USR-2088,2024-10-25,Running,22,797,14784,176,4.8,3.8,3
LOG-501933,USR-2151,2024-10-26,Gym Workout,107,473,12326,133,5.7,2.8,2
LOG-501985,USR-2239,2024-10-26,Walking,39,436,5505,99,4.8,2.3,4
LOG-501390,USR-2168,2024-10-26,Gym Workout,36,275,9622,152,8.6,3.4,4
LOG-501095,USR-2014,2024-10-26,Gym Workout,24,561,14704,156,7.3,3.3,1
LOG-500255,USR-2087,2024-10-26,Gym Workout,74,805,10698,137,6.5,2.8,1
LOG-502790,USR-2274,2024-10-26,Running,53,122,1607,137,4.7,2.3,2
LOG-502904,USR-2236,2024-10-26,Running,80,321,8244,71,7.3,2.3,1
LOG-500286,USR-2010,2024-10-26,Running,29,778,15131,149,7.4,2.2,5
LOG-500739,USR-2266,2024-10-27,Yoga,58,125,12018,149,9.0,2.8,4
LOG-502749,USR-2161,2024-10-27,Swimming,69,186,17619,108,5.0,2.9,3
LOG-501393,USR-2157,2024-10-27,HIIT,86,127,12720,128,5.3,3.9,1
LOG-500725,USR-2073,2024-10-27,Yoga,24,378,18501,144,7.8,1.2,5
LOG-502991,USR-2017,2024-10-27,HIIT,14,441,19159,101,5.0,2.8,2
LOG-501432,USR-2233,2024-10-27,Swimming,64,146,851,134,4.8,3.3,3
LOG-503092,USR-2062,2024-10-27,HIIT,68,184,6419,163,9.0,0.7,2
LOG-502344,USR-2101,2024-10-28,Yoga,18,610,3866,160,8.2,3.6,4
LOG-501413,USR-2168,2024-10-28,Cycling,20,842,19058,110,7.7,3.8,1
LOG-502437,USR-2297,2024-10-28,HIIT,53,191,14809,167,6.6,1.0,1
LOG-502604,USR-2054,2024-10-28,HIIT,70,726,7415,141,4.9,2.7,3
LOG-502311,USR-2258,2024-10-28,Swimming,40,544,3873,87,5.7,3.7,5
LOG-503199,USR-2131,2024-10-28,Cycling,59,839,8122,103,7.8,3.7,1
LOG-501529,USR-2106,2024-10-28,Cycling,112,586,7101,84,5.4,3.3,5
LOG-502087,USR-2249,2024-10-28,Cycling,70,251,7534,151,8.4,1.3,3
LOG-503112,USR-2298,2024-10-28,Swimming,94,201,8560,104,7.7,3.6,1
LOG-500526,USR-2137,2024-10-28,Cycling,16,486,16601,161,7.0,1.6,2
LOG-503098,USR-2282,2024-10-28,Yoga,106,180,923,101,7.0,1.2,1
LOG-501052,USR-2212,2024-10-29,Walking,68,287,13508,108,5.1,3.1,2
LOG-502049,USR-2135,2024-10-29,Running,84,146,5275,80,7.3,1.2,3
LOG-501505,USR-2097,2024-10-29,Walking,84,540,10475,78,8.4,1.0,2
LOG-501963,USR-2202,2024-10-29,Swimming,117,344,18387,178,6.5,3.5,5
LOG-500776,USR-2281,2024-10-29,Swimming,49,643,17846,116,8.6,0.6,1
LOG-500769,USR-2285,2024-10-29,Gym Workout,45,402,10860,127,8.4,2.9,1
LOG-503296,USR-2247,2024-10-29,Swimming,83,155,8682,148,8.3,1.5,2
LOG-502662,USR-2255,2024-10-29,Running,39,185,12698,155,6.6,3.3,2
LOG-502699,USR-2071,2024-10-29,Cycling,54,339,13580,94,6.3,3.4,2
LOG-502578,USR-2175,2024-10-29,Walking,49,102,18770,113,8.9,1.2,2
LOG-502225,USR-2209,2024-10-30,Walking,33,154,7763,143,4.2,0.6,2
LOG-503316,USR-2223,2024-10-30,Walking,50,525,2525,95,8.1,0.6,5
LOG-500749,USR-2083,2024-10-30,Cycling,31,262,12504,87,5.4,3.6,2
LOG-500736,USR-2206,2024-10-30,HIIT,78,625,14374,124,6.9,3.1,5
LOG-502116,USR-2150,2024-10-30,HIIT,108,323,5146,172,7.7,3.6,4
LOG-500031,USR-2152,2024-10-30,Cycling,54,379,4685,115,5.5,1.0,4
LOG-502403,USR-2201,2024-10-30,Walking,39,455,7470,179,5.6,2.8,1
LOG-503053,USR-2262,2024-10-30,Gym Workout,60,665,9840,100,5.0,2.5,1
LOG-500656,USR-2012,2024-10-30,Cycling,57,65,7391,98,6.6,1.6,4
LOG-501611,USR-2104,2024-10-30,Swimming,22,290,17273,136,6.1,1.1,2
LOG-501921,USR-2156,2024-10-30,Swimming,41,267,5988,167,7.9,3.6,4
LOG-501907,USR-2263,2024-10-30,Running,13,739,1295,86,8.6,3.2,5
LOG-500485,USR-2046,2024-10-30,Running,54,58,9984,94,6.5,2.8,5
LOG-501870,USR-2218,2024-10-30,Swimming,71,131,5188,166,6.3,3.0,2
LOG-501417,USR-2021,2024-10-30,Swimming,21,398,2355,178,7.1,2.8,5
LOG-503174,USR-2025,2024-10-31,Gym Workout,45,704,5929,98,5.6,2.5,5
LOG-502492,USR-2007,2024-10-31,Cycling,37,620,2977,81,7.7,0.6,5
LOG-500418,USR-2016,2024-10-31,Gym Workout,19,496,8631,156,4.6,1.2,2
LOG-502175,USR-2216,2024-10-31,Running,87,585,17744,127,5.3,3.2,2
LOG-500785,USR-2165,2024-10-31,HIIT,61,873,3818,78,5.1,2.5,2
LOG-502232,USR-2161,2024-10-31,Running,117,888,14982,136,6.8,2.4,2
LOG-501403,USR-2118,2024-10-31,Walking,45,483,12770,122,7.0,3.8,5
LOG-502505,USR-2007,2024-10-31,Yoga,90,167,6769,154,4.8,3.2,3
LOG-501040,USR-2201,2024-10-31,Gym Workout,107,177,9154,117,7.4,2.4,1
LOG-502381,USR-2121,2024-10-31,Cycling,88,679,6814,121,6.9,3.6,3
LOG-502267,USR-2206,2024-10-31,HIIT,89,685,4775,115,7.0,1.0,3
LOG-500936,USR-2239,2024-11-01,Running,94,332,17151,118,7.0,1.4,2
LOG-501517,USR-2158,2024-11-01,HIIT,85,774,16998,106,4.6,2.7,1
LOG-501545,USR-2075,2024-11-01,Cycling,12,292,18063,99,4.9,3.0,3
LOG-500361,USR-2287,2024-11-01,Cycling,54,82,7752,135,6.6,2.6,3
LOG-501580,USR-2222,2024-11-01,Yoga,30,57,8813,151,8.5,2.3,5
LOG-501250,USR-2267,2024-11-01,Swimming,32,479,12981,125,8.0,3.3,5
LOG-501632,USR-2055,2024-11-01,Swimming,62,238,7843,156,5.7,2.3,5
LOG-500315,USR-2070,2024-11-01,Cycling,15,844,5445,126,8.0,3.5,2
LOG-500515,USR-2079,2024-11-01,HIIT,95,725,15161,117,7.2,0.6,1
LOG-502418,USR-2279,2024-11-01,Yoga,41,299,9631,89,7.7,3.9,5
LOG-503330,USR-2199,2024-11-01,Yoga,103,195,13308,164,4.4,2.6,2
LOG-503454,USR-2293,2024-11-01,Gym Workout,29,541,14062,99,8.8,1.3,4
LOG-503329,USR-2010,2024-11-01,Walking,19,390,19384,179,4.2,2.7,2
LOG-501848,USR-2184,2024-11-01,Running,53,816,13483,179,6.3,2.3,5
LOG-502211,USR-2153,2024-11-01,Gym Workout,48,311,3280,127,5.2,2.5,1
LOG-503416,USR-2167,2024-11-01,HIIT,104,146,12475,147,4.4,3.0,4
LOG-501786,USR-2184,2024-11-01,Walking,19,240,1126,173,4.9,3.1,1
LOG-500860,USR-2003,2024-11-01,Swimming,51,523,3597,70,6.9,3.3,5
LOG-500288,USR-2083,2024-11-02,Walking,60,657,3336,77,7.0,1.3,3
LOG-500253,USR-2024,2024-11-02,Cycling,58,473,15258,164,5.4,3.9,1
LOG-500648,USR-2107,2024-11-02,Cycling,100,439,1012,167,5.9,3.5,2
LOG-500946,USR-2082,2024-11-02,Cycling,51,759,3673,94,4.6,1.6,1
LOG-500947,USR-2047,2024-11-02,Swimming,23,754,5528,126,7.6,0.6,5
LOG-501317,USR-2156,2024-11-02,Running,54,351,16055,89,7.5,3.4,1
LOG-502869,USR-2208,2024-11-02,Running,84,253,10107,125,7.9,1.3,1
LOG-502201,USR-2046,2024-11-02,Yoga,61,576,2635,154,7.5,3.9,3
LOG-503334,USR-2000,2024-11-02,Cycling,95,880,15212,125,6.1,3.3,1
LOG-500383,USR-2063,2024-11-02,Cycling,73,90,8109,162,8.2,2.9,5
LOG-501956,USR-2198,2024-11-02,Cycling,103,249,1835,146,7.9,1.4,4
LOG-501627,USR-2198,2024-11-03,Running,34,598,7949,105,6.2,3.6,4
LOG-501908,USR-2036,2024-11-03,Yoga,17,289,15168,156,6.7,3.5,5
LOG-500357,USR-2052,2024-11-03,Yoga,96,736,9669,82,5.0,2.5,5
LOG-500106,USR-2027,2024-11-03,Walking,28,855,8823,176,4.8,3.7,4
LOG-501223,USR-2027,2024-11-03,Yoga,35,250,14614,165,6.3,1.7,2
LOG-502512,USR-2065,2024-11-03,Running,98,748,1921,177,4.9,3.3,1
LOG-501767,USR-2071,2024-11-03,HIIT,46,182,9794,83,6.9,3.3,2
LOG-503393,USR-2169,2024-11-03,Swimming,21,880,1689,92,4.4,3.4,3
LOG-502022,USR-2029,2024-11-04,Running,10,505,7625,140,8.7,3.5,4
LOG-500807,USR-2190,2024-11-04,Swimming,71,843,867,116,5.5,3.2,1
LOG-502553,USR-2258,2024-11-04,Swimming,19,527,4563,94,6.5,0.8,2
LOG-501473,USR-2079,2024-11-04,Walking,82,845,7661,78,8.6,2.8,4
LOG-501023,USR-2288,2024-11-04,Cycling,46,460,7771,115,4.3,2.4,2
LOG-500730,USR-2024,2024-11-04,Swimming,61,866,6269,118,5.8,3.1,4
LOG-501961,USR-2274,2024-11-05,Swimming,69,451,12054,113,8.6,2.9,1
LOG-501411,USR-2276,2024-11-05,Walking,93,524,18199,87,8.5,3.3,5
LOG-503149,USR-2014,2024-11-05,HIIT,111,328,4069,169,4.5,0.6,2
LOG-502734,USR-2198,2024-11-05,Swimming,53,228,17099,82,6.2,2.2,2
LOG-502713,USR-2189,2024-11-05,Walking,66,283,4430,108,8.0,2.8,5
LOG-502028,USR-2265,2024-11-05,Gym Workout,79,453,17302,122,8.1,0.7,1
LOG-503275,USR-2211,2024-11-06,Walking,21,75,14325,82,5.8,1.3,2
LOG-501155,USR-2246,2024-11-06,Cycling,42,867,18581,166,4.4,1.5,3
LOG-501249,USR-2075,2024-11-06,Gym Workout,58,345,4932,119,6.5,0.9,2
LOG-502027,USR-2216,2024-11-06,Cycling,92,135,15126,99,5.5,3.8,4
LOG-500981,USR-2208,2024-11-06,Gym Workout,55,556,19505,80,8.8,0.8,3
LOG-501843,USR-2066,2024-11-06,HIIT,50,667,6941,112,9.0,3.4,3
LOG-501443,USR-2212,2024-11-06,Running,81,846,18866,173,6.6,0.8,5
LOG-501177,USR-2107,2024-11-07,Cycling,48,520,13247,174,6.4,1.3,1
LOG-501418,USR-2147,2024-11-07,Yoga,62,638,18386,170,6.9,0.5,5
LOG-502367,USR-2257,2024-11-07,Swimming,117,869,13813,90,5.4,2.7,3
LOG-500814,USR-2073,2024-11-07,HIIT,42,399,1839,88,7.8,1.5,2
LOG-502903,USR-2047,2024-11-07,Walking,93,261,17950,126,5.7,1.1,3
LOG-501763,USR-2285,2024-11-07,Walking,25,54,1828,153,6.5,1.9,5
LOG-502778,USR-2284,2024-11-08,Walking,41,858,9727,167,7.7,4.0,1
LOG-502515,USR-2261,2024-11-08,HIIT,64,128,14036,137,7.0,1.3,3
LOG-501809,USR-2134,2024-11-08,Gym Workout,55,527,17322,70,4.5,0.6,3
LOG-500449,USR-2086,2024-11-08,Gym Workout,58,524,6129,97,4.2,3.7,2
LOG-502926,USR-2269,2024-11-08,Yoga,23,404,3054,101,4.8,1.3,3
LOG-501015,USR-2242,2024-11-08,Walking,115,309,14315,84,8.0,2.2,4
LOG-501720,USR-2053,2024-11-09,Gym Workout,113,647,6914,118,8.5,1.8,3
LOG-502218,USR-2279,2024-11-09,Swimming,50,116,9121,96,5.0,3.9,1
LOG-503169,USR-2000,2024-11-09,Cycling,107,899,15735,77,7.7,2.0,3
LOG-500577,USR-2010,2024-11-09,Gym Workout,57,255,4421,157,6.9,0.7,5
LOG-501927,USR-2048,2024-11-09,HIIT,42,104,4762,97,7.7,3.8,5
LOG-502621,USR-2035,2024-11-09,Gym Workout,63,311,11881,106,5.3,0.9,5
LOG-500225,USR-2012,2024-11-09,HIIT,112,787,8829,80,6.4,3.9,4
LOG-500376,USR-2270,2024-11-09,Cycling,14,429,18951,75,8.2,3.9,1
LOG-502798,USR-2188,2024-11-10,Cycling,60,413,4449,158,4.3,3.0,4
LOG-502949,USR-2041,2024-11-10,Walking,22,717,3627,169,8.5,3.0,3
LOG-503216,USR-2205,2024-11-10,Swimming,98,238,11336,145,6.9,1.8,4
LOG-503358,USR-2063,2024-11-10,Running,16,523,5465,86,4.9,2.6,3
LOG-501539,USR-2200,2024-11-10,Walking,80,306,12060,114,5.0,3.5,3
LOG-502575,USR-2047,2024-11-10,Swimming,119,497,5304,70,8.5,1.1,1
LOG-503279,USR-2256,2024-11-11,Swimming,52,889,2108,79,8.6,1.4,2
LOG-501955,USR-2118,2024-11-11,Gym Workout,33,606,15695,88,4.5,2.0,2
LOG-502760,USR-2138,2024-11-11,Walking,105,638,509,96,4.5,3.0,3
LOG-500459,USR-2277,2024-11-11,Gym Workout,48,654,8565,171,8.4,3.4,2
LOG-503126,USR-2024,2024-11-11,Walking,65,850,10549,71,5.7,2.4,5
LOG-502896,USR-2236,2024-11-11,Swimming,71,729,13843,146,9.0,0.9,5
LOG-502769,USR-2283,2024-11-12,Walking,94,835,6580,122,5.7,2.0,1
LOG-503055,USR-2114,2024-11-12,Walking,55,787,15047,117,4.6,1.4,1
LOG-500956,USR-2150,2024-11-12,Running,24,494,10606,105,4.5,0.9,5
LOG-500011,USR-2185,2024-11-12,Running,91,801,3003,158,8.9,0.6,5
LOG-501198,USR-2119,2024-11-12,Gym Workout,42,175,19386,76,5.9,2.6,4
LOG-501777,USR-2243,2024-11-12,Swimming,53,695,10486,139,6.7,3.3,5
LOG-502957,USR-2087,2024-11-12,Swimming,93,715,2662,154,6.7,2.9,2
LOG-502424,USR-2259,2024-11-12,Swimming,112,779,11646,162,6.3,1.8,2
LOG-502825,USR-2214,2024-11-12,HIIT,73,98,8224,140,8.9,4.0,4
LOG-501230,USR-2100,2024-11-12,HIIT,58,892,4740,107,8.8,2.1,2
LOG-500251,USR-2057,2024-11-13,Running,21,336,13295,89,8.7,4.0,1
LOG-502732,USR-2160,2024-11-13,HIIT,108,371,17392,78,5.6,1.7,1
LOG-500896,USR-2168,2024-11-13,Running,105,105,17212,139,4.0,3.4,4
LOG-502349,USR-2194,2024-11-13,Gym Workout,60,396,13014,77,8.8,3.4,4
LOG-502454,USR-2268,2024-11-13,Yoga,16,402,1905,80,4.7,3.3,3
LOG-502180,USR-2163,2024-11-13,HIIT,115,104,10972,112,6.2,1.9,1
LOG-502966,USR-2242,2024-11-14,HIIT,43,590,675,118,8.2,2.2,3
LOG-502176,USR-2164,2024-11-14,Walking,79,888,8322,134,6.1,3.3,5
LOG-502981,USR-2268,2024-11-14,Cycling,70,449,3213,132,6.6,1.3,3
LOG-502330,USR-2212,2024-11-14,Gym Workout,57,512,11340,104,5.4,2.3,3
LOG-500895,USR-2256,2024-11-14,Yoga,52,767,9154,152,8.0,1.4,5
LOG-503054,USR-2092,2024-11-14,Yoga,17,626,3758,146,6.6,2.7,5
LOG-503106,USR-2222,2024-11-14,Cycling,61,502,4093,109,5.5,0.9,1
LOG-501890,USR-2152,2024-11-14,Cycling,75,413,11524,111,6.4,3.2,2
LOG-500662,USR-2186,2024-11-14,Yoga,76,666,10755,161,6.2,1.7,1
LOG-500866,USR-2148,2024-11-14,Swimming,91,320,16934,132,4.4,3.7,5
LOG-503342,USR-2227,2024-11-14,Running,119,863,6456,73,6.2,1.8,2
LOG-500834,USR-2286,2024-11-14,Running,31,72,14521,158,4.7,3.6,1
LOG-500319,USR-2202,2024-11-15,Gym Workout,110,835,7562,133,5.2,3.7,4
LOG-502525,USR-2127,2024-11-15,HIIT,66,874,4328,109,4.5,3.7,5
LOG-502657,USR-2046,2024-11-15,Running,62,412,11119,141,4.7,3.5,3
LOG-500867,USR-2205,2024-11-15,Swimming,60,318,18442,170,4.4,1.4,1
LOG-502320,USR-2157,2024-11-15,Running,30,622,13276,94,8.2,3.1,4
LOG-501319,USR-2241,2024-11-16,Walking,42,730,5999,82,8.5,0.8,1
LOG-503030,USR-2197,2024-11-16,HIIT,115,766,1107,158,6.6,3.3,3
LOG-502720,USR-2132,2024-11-16,Gym Workout,66,50,19460,93,6.1,1.9,5
LOG-500683,USR-2270,2024-11-16,Gym Workout,81,816,14235,151,7.4,1.7,2
LOG-500923,USR-2193,2024-11-16,Gym Workout,49,891,13339,81,8.1,3.8,3
LOG-502597,USR-2141,2024-11-16,Running,83,735,4335,73,4.1,0.8,4
LOG-503325,USR-2205,2024-11-16,Running,40,840,15271,112,8.8,1.7,1
LOG-502868,USR-2169,2024-11-16,Swimming,71,258,18688,77,4.4,3.4,1
LOG-502269,USR-2156,2024-11-17,Walking,42,502,19545,170,7.3,1.7,1
LOG-501708,USR-2203,2024-11-17,Gym Workout,40,721,5351,107,5.0,0.7,4
LOG-501462,USR-2112,2024-11-17,Swimming,108,689,15882,86,5.3,3.5,4
LOG-500770,USR-2072,2024-11-17,Running,113,367,13941,72,7.5,2.9,5
LOG-500779,USR-2248,2024-11-17,Gym Workout,117,208,11704,179,4.5,0.9,5
LOG-501610,USR-2288,2024-11-17,Swimming,44,541,6662,173,5.7,1.3,3
LOG-502986,USR-2143,2024-11-17,Walking,60,563,8894,130,5.0,2.5,4
LOG-502160,USR-2253,2024-11-17,Yoga,47,102,8002,168,5.4,1.1,3
LOG-502550,USR-2006,2024-11-17,Cycling,19,760,5339,158,8.6,1.3,2
LOG-501813,USR-2174,2024-11-17,Swimming,32,825,1061,167,6.6,2.4,1
LOG-502013,USR-2241,2024-11-18,Yoga,99,193,7123,144,4.8,3.9,4
LOG-500536,USR-2221,2024-11-18,Running,13,214,10063,125,7.2,1.1,4
LOG-501936,USR-2159,2024-11-18,Swimming,21,622,6136,140,8.6,3.3,5
LOG-502486,USR-2124,2024-11-18,Swimming,44,366,9405,128,4.6,3.1,4
LOG-502724,USR-2143,2024-11-18,Cycling,14,850,8845,88,7.7,0.7,4
LOG-500820,USR-2096,2024-11-18,Cycling,99,207,5155,147,8.1,1.3,5
LOG-500760,USR-2179,2024-11-18,Gym Workout,55,596,6783,154,4.4,3.9,4
LOG-501252,USR-2135,2024-11-18,Running,101,798,13335,118,5.0,1.7,1
LOG-500876,USR-2064,2024-11-18,Walking,108,817,18256,91,6.4,1.1,3
LOG-503005,USR-2001,2024-11-18,Cycling,51,639,5235,96,4.9,2.0,3
LOG-500765,USR-2141,2024-11-18,Running,75,660,10013,136,7.2,3.0,4
LOG-502046,USR-2248,2024-11-19,HIIT,115,68,9491,128,6.1,3.3,1
LOG-502628,USR-2016,2024-11-19,Walking,46,57,10055,146,5.9,1.7,1
LOG-500453,USR-2053,2024-11-19,Walking,23,337,4702,95,5.6,2.2,2
LOG-501877,USR-2206,2024-11-19,HIIT,97,805,14441,140,7.5,2.4,3
LOG-502746,USR-2134,2024-11-19,Running,74,577,11891,121,8.7,2.7,3
LOG-502270,USR-2093,2024-11-19,Cycling,95,836,18662,79,8.8,1.2,3
LOG-502866,USR-2071,2024-11-20,Running,85,675,6040,78,7.1,3.5,4
LOG-501525,USR-2245,2024-11-20,Swimming,86,550,11543,93,7.3,1.9,3
LOG-503414,USR-2250,2024-11-20,Running,49,615,2110,97,4.9,0.8,5
LOG-502745,USR-2136,2024-11-20,Swimming,55,407,16495,100,5.0,0.5,4
LOG-501559,USR-2202,2024-11-20,Running,105,65,19408,127,4.0,2.3,5
LOG-501702,USR-2184,2024-11-20,Running,54,506,750,165,8.7,3.7,2
LOG-503196,USR-2056,2024-11-20,Cycling,48,124,10631,136,6.4,1.4,4
LOG-500722,USR-2009,2024-11-20,HIIT,31,627,3795,136,6.4,2.2,5
LOG-501474,USR-2054,2024-11-20,Yoga,106,446,7038,96,5.1,1.6,2
LOG-502082,USR-2130,2024-11-20,HIIT,28,770,6028,114,6.1,3.0,2
LOG-501340,USR-2119,2024-11-20,Yoga,39,293,18666,104,8.1,2.5,2
LOG-500340,USR-2090,2024-11-20,Walking,77,105,13220,129,6.6,0.8,1
LOG-501892,USR-2096,2024-11-20,Walking,48,261,10908,118,6.6,1.6,4
LOG-500832,USR-2217,2024-11-20,Cycling,94,79,9582,169,7.2,1.3,5
LOG-502572,USR-2011,2024-11-20,Yoga,101,628,19339,137,6.7,3.3,1
LOG-500893,USR-2087,2024-11-20,Cycling,29,509,12345,175,6.1,3.4,5
LOG-501980,USR-2299,2024-11-20,Gym Workout,68,844,16635,117,8.5,3.6,4
LOG-500266,USR-2012,2024-11-20,Swimming,66,832,15927,91,8.8,1.4,2
LOG-500307,USR-2255,2024-11-21,Walking,88,306,15928,140,4.1,1.0,2
LOG-500693,USR-2216,2024-11-21,Cycling,58,459,4012,105,7.6,0.8,4
LOG-500187,USR-2120,2024-11-21,Swimming,109,180,5758,153,6.2,0.8,5
LOG-500761,USR-2119,2024-11-21,Gym Workout,44,552,2759,118,5.4,3.1,3
LOG-503134,USR-2127,2024-11-21,Gym Workout,98,484,11407,128,6.3,2.6,3
LOG-501077,USR-2230,2024-11-21,Cycling,54,220,14353,108,5.3,1.4,2
LOG-502548,USR-2253,2024-11-21,Running,52,220,11666,159,5.4,0.9,3
LOG-500238,USR-2147,2024-11-21,Yoga,91,741,18583,118,5.9,3.3,5
LOG-503422,USR-2115,2024-11-21,Yoga,75,268,18729,79,6.4,3.3,5
LOG-501783,USR-2031,2024-11-21,Gym Workout,44,870,12530,130,9.0,3.9,5
LOG-501704,USR-2039,2024-11-21,HIIT,81,194,16347,119,6.1,2.5,5
LOG-502556,USR-2053,2024-11-21,Gym Workout,18,75,13689,125,6.6,3.2,1
LOG-500550,USR-2260,2024-11-21,Swimming,105,533,15911,101,8.3,1.5,1
LOG-501832,USR-2251,2024-11-22,HIIT,70,675,12014,157,6.7,0.6,5
LOG-501195,USR-2276,2024-11-22,Walking,91,858,15477,144,4.1,2.4,5
LOG-502287,USR-2142,2024-11-22,Swimming,61,867,7843,79,5.4,1.7,2
LOG-500046,USR-2030,2024-11-22,Cycling,69,540,8098,154,5.9,3.7,1
LOG-502251,USR-2072,2024-11-22,Running,46,217,4787,111,6.6,0.9,3
LOG-501341,USR-2099,2024-11-23,Cycling,43,506,5438,161,5.5,2.8,5
LOG-502890,USR-2231,2024-11-23,Gym Workout,103,689,2264,149,4.4,3.9,1
LOG-501909,USR-2166,2024-11-23,Swimming,44,819,8056,89,5.2,1.4,5
LOG-501214,USR-2202,2024-11-23,Cycling,112,220,5614,177,5.2,2.3,2
LOG-501274,USR-2115,2024-11-23,Gym Workout,77,555,15204,95,7.9,2.7,3
LOG-501117,USR-2118,2024-11-23,HIIT,89,445,4257,70,7.6,0.8,3
LOG-500578,USR-2172,2024-11-24,Walking,72,459,16202,102,4.5,0.6,1
LOG-503441,USR-2160,2024-11-24,Running,97,343,16474,176,7.4,1.6,1
LOG-501566,USR-2164,2024-11-24,Cycling,87,665,12222,147,6.2,2.5,5
LOG-502829,USR-2232,2024-11-24,HIIT,90,692,12704,116,4.1,2.4,5
LOG-501762,USR-2287,2024-11-25,Swimming,69,121,9360,138,6.4,3.6,3
LOG-502874,USR-2080,2024-11-25,Running,14,419,8081,176,7.5,2.3,1
LOG-501220,USR-2018,2024-11-25,Gym Workout,55,702,6898,87,6.8,3.2,1
LOG-500663,USR-2096,2024-11-25,Yoga,78,553,10914,175,7.9,3.0,5
LOG-502062,USR-2031,2024-11-25,Gym Workout,62,457,18902,129,8.5,3.5,4
LOG-502730,USR-2178,2024-11-25,Walking,108,261,1818,88,4.6,1.8,2
LOG-501115,USR-2283,2024-11-25,Walking,59,336,3088,129,4.3,2.2,5
LOG-500887,USR-2253,2024-11-25,Running,119,188,19362,116,4.6,3.5,3
LOG-500295,USR-2004,2024-11-25,Cycling,57,80,5892,177,8.0,3.1,4
LOG-501687,USR-2206,2024-11-25,Yoga,56,834,17688,147,7.2,2.3,5
LOG-503161,USR-2004,2024-11-26,Cycling,118,616,4047,81,4.8,0.9,1
LOG-503303,USR-2174,2024-11-26,Gym Workout,73,671,10711,100,8.8,2.4,4
LOG-501350,USR-2180,2024-11-26,Walking,36,477,12195,164,6.6,3.6,3
LOG-502435,USR-2266,2024-11-26,Running,95,65,12472,168,8.7,1.0,4
LOG-500355,USR-2041,2024-11-26,Yoga,39,484,11370,82,5.0,3.5,3
LOG-503286,USR-2292,2024-11-26,HIIT,47,435,3622,120,5.8,1.3,5
LOG-502120,USR-2096,2024-11-26,Cycling,20,867,12267,141,6.1,0.8,4
LOG-503143,USR-2253,2024-11-26,HIIT,51,746,3008,126,7.4,3.9,2
LOG-501882,USR-2144,2024-11-26,Yoga,104,861,9543,84,7.7,3.4,4
LOG-501217,USR-2152,2024-11-26,Yoga,17,702,4498,128,5.6,2.9,3
LOG-502332,USR-2018,2024-11-26,Cycling,113,471,17636,124,6.3,1.2,5
LOG-501371,USR-2263,2024-11-27,Running,43,175,12600,77,8.9,3.5,4
LOG-501768,USR-2063,2024-11-27,Gym Workout,36,594,1867,162,6.5,1.7,1
LOG-502121,USR-2117,2024-11-27,HIIT,46,503,4794,149,8.2,1.4,2
LOG-502821,USR-2253,2024-11-27,Yoga,108,627,17967,87,6.9,3.8,3
LOG-502747,USR-2131,2024-11-27,Swimming,14,805,19678,80,6.7,2.5,4
LOG-500180,USR-2027,2024-11-27,Walking,49,649,4841,161,7.7,3.3,2
LOG-501896,USR-2229,2024-11-27,Swimming,102,577,11925,171,7.6,2.7,4
LOG-502776,USR-2203,2024-11-27,Walking,108,625,5247,175,7.7,2.9,2
LOG-501004,USR-2080,2024-11-27,HIIT,82,176,11305,138,4.4,3.2,4
LOG-502445,USR-2051,2024-11-27,Swimming,119,865,13901,171,6.6,1.4,3
LOG-503274,USR-2140,2024-11-27,Walking,20,540,15117,169,5.5,2.8,2
LOG-501599,USR-2120,2024-11-28,Running,112,546,8492,94,8.6,2.3,3
LOG-501165,USR-2284,2024-11-28,Swimming,108,853,16887,161,6.0,2.5,4
LOG-502257,USR-2080,2024-11-28,Running,46,457,15469,117,5.6,2.5,1
LOG-502961,USR-2028,2024-11-28,Running,18,272,3052,70,8.7,1.3,5
LOG-501734,USR-2150,2024-11-28,Walking,87,137,6477,124,8.6,1.9,2
LOG-500504,USR-2036,2024-11-28,HIIT,77,305,2486,152,8.5,3.7,4
LOG-501086,USR-2111,2024-11-29,HIIT,54,859,15124,94,7.8,1.6,1
LOG-503177,USR-2071,2024-11-29,Running,28,235,16417,117,8.6,1.9,2
LOG-500816,USR-2006,2024-11-29,Running,65,826,9452,142,7.6,1.1,4
LOG-502995,USR-2095,2024-11-29,Gym Workout,57,712,671,171,7.0,1.7,5
LOG-500044,USR-2041,2024-11-29,Swimming,118,314,1347,126,8.7,2.6,4
LOG-501618,USR-2116,2024-11-29,Running,52,220,3376,151,6.2,2.1,3
LOG-502451,USR-2070,2024-11-29,Cycling,63,578,14898,97,5.6,1.9,2
LOG-500638,USR-2189,2024-11-29,Walking,111,366,1447,171,8.7,2.4,1
LOG-501511,USR-2168,2024-11-29,Walking,104,551,16259,173,8.2,0.8,1
LOG-500838,USR-2019,2024-11-30,HIIT,77,836,4005,83,7.4,2.1,4
LOG-503323,USR-2224,2024-11-30,Walking,15,255,1844,163,7.3,3.0,5
LOG-501232,USR-2013,2024-11-30,Cycling,113,772,8820,109,5.8,2.5,4
LOG-500005,USR-2096,2024-11-30,Cycling,68,340,10165,165,6.6,3.0,1
LOG-503175,USR-2179,2024-11-30,Running,22,369,11767,170,4.2,2.3,3
LOG-501435,USR-2138,2024-11-30,Gym Workout,24,396,19021,135,6.7,2.8,3
LOG-500149,USR-2216,2024-11-30,Cycling,119,758,2330,88,6.8,1.0,3
LOG-502122,USR-2027,2024-11-30,Walking,27,382,2094,90,7.7,2.5,5
LOG-500164,USR-2082,2024-11-30,Running,44,94,12927,88,8.9,1.8,4
LOG-502836,USR-2242,2024-11-30,Yoga,95,535,7829,78,7.6,2.2,4
LOG-500699,USR-2210,2024-11-30,HIIT,115,207,13486,124,7.2,3.6,1
LOG-501286,USR-2231,2024-12-01,Running,95,289,6407,85,8.1,2.6,2
LOG-503236,USR-2265,2024-12-01,Yoga,55,290,10080,134,7.6,3.4,3
LOG-502111,USR-2175,2024-12-01,Swimming,74,271,904,125,8.9,1.1,3
LOG-501395,USR-2015,2024-12-01,Walking,60,728,4409,167,6.5,1.6,4
LOG-502917,USR-2049,2024-12-01,HIIT,33,164,4338,133,8.1,3.0,4
LOG-500510,USR-2283,2024-12-01,Cycling,103,781,12503,119,7.8,1.9,1
LOG-502369,USR-2209,2024-12-01,Cycling,21,272,9511,71,8.8,2.0,3
LOG-500619,USR-2195,2024-12-02,Swimming,47,183,16889,151,5.0,1.7,4
LOG-502209,USR-2044,2024-12-02,Running,25,795,670,157,8.5,2.0,1
LOG-502138,USR-2078,2024-12-02,Running,46,623,14691,74,9.0,3.6,2
LOG-501357,USR-2172,2024-12-02,Yoga,50,645,17439,70,5.4,1.9,2
LOG-501185,USR-2008,2024-12-02,HIIT,69,645,7176,118,7.1,3.9,3
LOG-500901,USR-2067,2024-12-02,Swimming,105,863,16095,89,4.1,3.3,1
LOG-500039,USR-2139,2024-12-02,Walking,18,314,4297,174,8.3,0.6,3
LOG-502098,USR-2160,2024-12-02,Running,50,583,5360,109,8.4,1.1,5
LOG-501131,USR-2015,2024-12-02,Walking,16,864,4505,75,4.9,3.8,3
LOG-501396,USR-2085,2024-12-02,Swimming,76,295,16104,84,6.5,0.7,3
LOG-500691,USR-2255,2024-12-02,Cycling,39,647,14918,165,4.8,2.4,2
LOG-501714,USR-2200,2024-12-03,Running,39,220,2752,97,4.1,1.2,5
LOG-501547,USR-2004,2024-12-03,HIIT,25,577,10477,70,8.5,4.0,5
LOG-500336,USR-2073,2024-12-03,Running,23,760,12381,144,7.5,1.5,1
LOG-503057,USR-2186,2024-12-03,Swimming,10,775,17423,171,7.8,2.4,3
LOG-502416,USR-2049,2024-12-03,Cycling,80,634,1998,90,5.8,0.9,1
LOG-501461,USR-2032,2024-12-03,Walking,27,602,14691,89,4.2,2.1,2
LOG-500975,USR-2177,2024-12-03,HIIT,57,829,5455,133,7.9,3.1,5
LOG-502197,USR-2183,2024-12-03,HIIT,47,154,17790,142,7.8,3.0,4
LOG-500008,USR-2088,2024-12-04,Running,93,506,17045,155,8.2,1.6,5
LOG-502877,USR-2156,2024-12-04,Yoga,13,666,4733,119,8.5,0.9,3
LOG-503052,USR-2142,2024-12-04,Cycling,47,728,2570,105,8.2,3.7,5
LOG-500309,USR-2097,2024-12-04,Yoga,31,493,10940,108,9.0,2.1,5
LOG-501181,USR-2024,2024-12-04,Running,97,737,13472,148,5.9,0.8,5
LOG-502149,USR-2048,2024-12-04,Cycling,78,466,10923,125,4.7,2.9,3
LOG-500489,USR-2243,2024-12-05,Walking,74,740,3449,139,5.5,1.6,2
LOG-503315,USR-2122,2024-12-05,Walking,88,162,13436,134,7.5,3.6,5
LOG-500194,USR-2136,2024-12-05,Swimming,69,145,10002,139,7.1,4.0,4
LOG-502204,USR-2147,2024-12-05,Walking,36,897,5534,71,6.2,3.9,5
LOG-502164,USR-2231,2024-12-05,Gym Workout,96,516,16012,78,5.9,1.0,1
LOG-502159,USR-2062,2024-12-06,Gym Workout,66,193,12274,83,7.2,3.0,4
LOG-502763,USR-2248,2024-12-06,Walking,77,781,6462,144,7.5,0.6,2
LOG-500877,USR-2014,2024-12-06,Gym Workout,109,896,12175,140,4.6,3.7,2
LOG-502541,USR-2004,2024-12-06,Swimming,119,146,15929,126,7.3,2.6,5
LOG-500524,USR-2270,2024-12-06,Gym Workout,32,372,12338,141,8.5,3.8,5
LOG-501178,USR-2059,2024-12-06,Swimming,10,50,5923,122,4.5,0.9,2
LOG-501866,USR-2161,2024-12-06,Gym Workout,52,55,10970,127,7.3,3.3,4
LOG-501401,USR-2094,2024-12-06,Gym Workout,54,762,12970,121,4.2,3.1,5
LOG-503444,USR-2049,2024-12-06,Cycling,56,422,16404,120,8.1,2.9,2
LOG-502942,USR-2195,2024-12-06,Yoga,72,252,11476,103,4.7,1.8,1
LOG-503427,USR-2279,2024-12-07,Gym Workout,99,474,8601,122,7.1,0.9,4
LOG-501923,USR-2015,2024-12-07,Swimming,14,212,9952,93,4.6,2.3,2
LOG-500158,USR-2206,2024-12-07,Gym Workout,103,490,17099,72,8.3,0.8,4
LOG-501567,USR-2008,2024-12-07,Yoga,112,125,14394,97,9.0,1.6,2
LOG-501605,USR-2105,2024-12-07,Running,21,492,18373,152,4.8,3.2,5
LOG-500467,USR-2185,2024-12-07,Running,24,90,1939,73,8.2,1.3,2
LOG-500747,USR-2084,2024-12-07,HIIT,44,601,5715,82,6.3,3.1,3
LOG-500441,USR-2088,2024-12-07,Walking,27,132,15464,102,8.4,0.8,2
LOG-500200,USR-2091,2024-12-07,Walking,116,448,11543,95,5.4,3.3,4
LOG-500412,USR-2164,2024-12-08,Swimming,23,189,4359,79,6.4,1.5,2
LOG-501234,USR-2188,2024-12-08,Swimming,104,815,11751,74,7.2,0.7,5
LOG-503284,USR-2286,2024-12-08,Gym Workout,20,363,1498,127,7.7,1.6,2
LOG-503048,USR-2176,2024-12-08,Running,38,757,8115,80,8.4,2.9,5
LOG-502744,USR-2082,2024-12-08,Swimming,15,218,16557,92,5.1,1.5,2
LOG-502295,USR-2228,2024-12-08,Gym Workout,111,563,9676,127,5.5,0.9,4
LOG-501480,USR-2217,2024-12-08,Swimming,26,558,13887,119,4.2,3.8,3
LOG-500308,USR-2194,2024-12-08,HIIT,54,671,19458,74,5.5,2.9,4
LOG-501950,USR-2038,2024-12-08,Swimming,31,836,5011,168,8.9,3.2,4
LOG-502808,USR-2212,2024-12-08,Running,71,688,3979,136,6.6,1.6,3
LOG-501966,USR-2279,2024-12-08,Yoga,30,417,4234,96,7.0,1.6,5
LOG-503233,USR-2080,2024-12-08,Walking,116,845,16664,93,6.8,3.2,5
LOG-500598,USR-2130,2024-12-08,Gym Workout,20,815,9829,144,5.1,3.2,2
LOG-503137,USR-2020,2024-12-08,Swimming,94,699,19482,138,6.3,2.1,4
LOG-502590,USR-2101,2024-12-08,Yoga,14,518,7618,95,4.6,3.4,2
LOG-501512,USR-2067,2024-12-08,Swimming,45,629,1544,123,5.6,3.7,1
LOG-501859,USR-2160,2024-12-09,Swimming,105,759,9513,83,8.2,0.5,4
LOG-503063,USR-2269,2024-12-09,Swimming,34,884,15583,77,7.6,2.4,5
LOG-503027,USR-2021,2024-12-09,Yoga,102,801,13481,72,8.2,3.7,4
LOG-503090,USR-2080,2024-12-09,Gym Workout,17,836,18782,130,7.0,2.6,3
LOG-502125,USR-2257,2024-12-10,Walking,39,727,15505,148,7.0,2.8,4
LOG-500136,USR-2140,2024-12-10,HIIT,61,150,6026,172,4.2,1.7,2
LOG-500532,USR-2291,2024-12-10,Gym Workout,51,756,11829,121,8.3,3.2,1
LOG-502611,USR-2232,2024-12-10,Running,43,67,1416,94,6.6,1.4,5
LOG-502041,USR-2234,2024-12-10,Gym Workout,80,605,1575,100,5.6,3.5,5
LOG-503449,USR-2287,2024-12-11,Walking,38,607,15743,173,4.0,1.1,3
LOG-503300,USR-2219,2024-12-11,Running,31,184,14941,179,5.0,3.2,4
LOG-500541,USR-2049,2024-12-11,Yoga,66,776,11709,115,7.5,2.4,5
LOG-502800,USR-2198,2024-12-11,Cycling,97,866,1057,119,6.6,3.1,3
LOG-503244,USR-2147,2024-12-11,HIIT,84,655,15247,144,4.6,1.1,3
LOG-502397,USR-2244,2024-12-11,Cycling,70,440,13006,97,5.3,3.0,1
LOG-501122,USR-2139,2024-12-11,Gym Workout,64,265,2370,73,7.4,2.0,1
LOG-503156,USR-2038,2024-12-11,Cycling,60,705,597,122,4.6,3.7,4
LOG-503121,USR-2087,2024-12-11,Gym Workout,29,249,14715,169,6.8,3.4,2
LOG-502055,USR-2223,2024-12-11,Yoga,105,584,14159,135,4.4,2.1,1
LOG-501884,USR-2208,2024-12-11,Gym Workout,49,112,4365,127,5.8,2.5,1
LOG-502637,USR-2038,2024-12-12,Walking,16,855,4571,120,4.7,2.9,1
LOG-503242,USR-2023,2024-12-12,Running,56,728,4968,113,5.9,3.2,1
LOG-500873,USR-2097,2024-12-12,Cycling,97,437,1554,91,5.2,2.6,2
LOG-502372,USR-2088,2024-12-12,Gym Workout,70,734,12518,99,4.8,3.1,3
LOG-502023,USR-2004,2024-12-12,Swimming,116,450,2337,88,5.1,1.5,1
LOG-500274,USR-2137,2024-12-12,Cycling,13,203,8238,85,7.9,3.0,4
LOG-502264,USR-2200,2024-12-12,Yoga,33,73,11933,116,6.7,3.5,4
LOG-500852,USR-2247,2024-12-12,Swimming,90,773,11469,143,6.9,1.4,4
LOG-502263,USR-2225,2024-12-12,Walking,103,309,12210,83,5.5,1.0,1
LOG-501343,USR-2122,2024-12-12,Yoga,93,605,16999,70,4.7,3.6,4
LOG-501502,USR-2087,2024-12-12,Gym Workout,80,869,2958,140,8.2,3.4,1
LOG-501542,USR-2260,2024-12-13,Gym Workout,24,843,998,135,6.5,2.4,3
LOG-501444,USR-2076,2024-12-13,Walking,109,303,15470,81,6.1,1.7,4
LOG-501645,USR-2135,2024-12-13,Swimming,61,744,12437,124,5.0,3.7,5
LOG-503195,USR-2134,2024-12-13,Yoga,114,179,11623,171,7.9,2.5,4
LOG-500734,USR-2107,2024-12-13,HIIT,30,334,18553,177,8.4,0.8,3
LOG-501213,USR-2061,2024-12-13,Cycling,69,288,12735,72,7.4,0.9,2
LOG-501362,USR-2255,2024-12-13,Running,84,682,17995,142,5.8,2.8,1
LOG-503319,USR-2175,2024-12-13,Swimming,13,82,8698,114,5.1,1.6,3
LOG-502446,USR-2128,2024-12-13,Cycling,110,777,13663,115,6.3,0.9,4
LOG-502976,USR-2286,2024-12-13,Cycling,92,691,4525,156,6.0,3.0,4
LOG-500348,USR-2240,2024-12-13,Running,41,823,17578,144,4.6,1.0,4
LOG-502016,USR-2183,2024-12-13,Cycling,83,643,18027,109,7.9,3.2,1
LOG-501847,USR-2192,2024-12-14,Walking,53,838,10830,175,6.6,4.0,1
LOG-500911,USR-2257,2024-12-14,HIIT,67,277,698,83,8.3,2.4,3
LOG-503165,USR-2100,2024-12-14,Cycling,16,271,14071,85,7.6,1.2,5
LOG-500833,USR-2261,2024-12-14,Swimming,82,719,5687,164,5.6,3.4,3
LOG-502738,USR-2016,2024-12-14,Walking,13,809,1355,101,8.3,2.0,2
LOG-501216,USR-2217,2024-12-14,Cycling,34,148,13579,178,7.7,1.9,2
LOG-502390,USR-2137,2024-12-14,Walking,23,689,9068,128,6.7,3.5,4
LOG-501964,USR-2094,2024-12-14,HIIT,26,313,19229,163,7.7,2.7,3
LOG-501791,USR-2101,2024-12-14,Swimming,93,306,5311,94,5.5,0.5,5
LOG-503083,USR-2087,2024-12-14,Cycling,98,442,1496,168,4.3,1.7,5
LOG-501053,USR-2216,2024-12-15,Swimming,114,765,12129,160,6.3,3.5,4
LOG-500716,USR-2049,2024-12-15,Yoga,117,452,9589,88,8.6,0.7,4
LOG-501324,USR-2130,2024-12-15,Gym Workout,28,415,9687,150,7.6,2.5,3
LOG-501570,USR-2214,2024-12-15,Swimming,53,353,6668,140,6.6,1.4,5
LOG-502501,USR-2094,2024-12-15,Gym Workout,25,836,3441,137,6.6,2.9,2
LOG-500984,USR-2208,2024-12-15,HIIT,76,409,16318,79,5.2,0.7,2
LOG-501163,USR-2261,2024-12-15,Yoga,76,572,16673,85,7.3,3.4,3
LOG-503371,USR-2066,2024-12-16,HIIT,69,261,17736,138,7.9,0.9,4
LOG-501382,USR-2265,2024-12-16,Yoga,61,272,16100,119,4.5,0.7,4
LOG-502210,USR-2170,2024-12-16,Swimming,117,301,16577,123,8.6,3.1,4
LOG-501648,USR-2236,2024-12-16,Walking,58,449,11813,118,8.3,3.7,5
LOG-502979,USR-2033,2024-12-16,Swimming,23,370,1185,128,8.1,3.2,1
LOG-501399,USR-2273,2024-12-16,Swimming,37,258,13845,98,8.0,1.4,1
LOG-500000,USR-2088,2024-12-16,Yoga,103,513,9438,113,5.8,3.3,5
LOG-501333,USR-2157,2024-12-16,HIIT,103,805,19864,99,7.5,1.6,2
LOG-500878,USR-2259,2024-12-16,Walking,35,405,11445,163,4.8,1.1,1
LOG-501148,USR-2275,2024-12-16,Walking,95,225,748,81,4.4,0.9,2
LOG-501237,USR-2003,2024-12-16,Gym Workout,113,770,9139,86,8.9,3.9,2
LOG-500938,USR-2087,2024-12-17,Cycling,100,473,15000,101,5.6,1.1,2
LOG-502990,USR-2060,2024-12-17,Gym Workout,66,400,16588,78,4.7,0.7,3
LOG-501895,USR-2173,2024-12-17,Yoga,119,58,14837,137,6.2,4.0,1
LOG-501182,USR-2051,2024-12-17,Walking,20,397,8708,132,5.7,2.6,3
LOG-502880,USR-2285,2024-12-17,Cycling,74,220,19692,127,7.6,4.0,2
LOG-500270,USR-2170,2024-12-17,Walking,109,673,5485,124,5.4,1.2,1
LOG-500470,USR-2248,2024-12-17,Running,30,671,18669,119,4.9,3.8,4
LOG-503434,USR-2279,2024-12-18,Running,53,159,17569,141,6.6,2.0,1
LOG-501426,USR-2133,2024-12-18,Gym Workout,81,518,4322,70,6.4,0.9,1
LOG-502346,USR-2189,2024-12-18,HIIT,40,296,19755,70,4.7,3.1,5
LOG-503119,USR-2095,2024-12-18,Yoga,37,177,15039,80,6.9,3.1,5
LOG-500119,USR-2232,2024-12-18,Running,16,164,11315,137,7.9,0.8,2
LOG-500366,USR-2008,2024-12-18,Yoga,63,642,8556,82,4.4,3.6,5
LOG-500690,USR-2053,2024-12-18,Walking,39,411,10284,116,6.8,0.6,1
LOG-501090,USR-2299,2024-12-18,Swimming,58,668,11235,112,7.6,1.2,2
LOG-500454,USR-2264,2024-12-19,Yoga,39,823,15375,75,7.8,2.6,5
LOG-501696,USR-2133,2024-12-19,Gym Workout,16,387,10594,86,4.0,1.7,1
LOG-500075,USR-2268,2024-12-19,Cycling,66,201,17225,148,8.3,3.0,1
LOG-503394,USR-2105,2024-12-19,HIIT,75,560,13121,83,8.3,0.7,4
LOG-501394,USR-2290,2024-12-19,Yoga,26,401,11137,126,7.1,1.7,2
LOG-502999,USR-2205,2024-12-19,HIIT,34,358,15515,84,5.4,3.7,3
LOG-503001,USR-2109,2024-12-19,Swimming,47,490,1348,132,4.6,3.1,5
LOG-501041,USR-2047,2024-12-19,Yoga,67,506,12232,130,8.0,2.7,4
LOG-500644,USR-2094,2024-12-19,Swimming,97,685,19889,96,4.2,1.4,5
LOG-500746,USR-2173,2024-12-19,Cycling,83,543,17861,147,8.3,2.4,1
LOG-500407,USR-2156,2024-12-19,Walking,28,311,17477,146,8.5,1.4,4
LOG-503036,USR-2065,2024-12-20,HIIT,37,744,6047,130,5.0,3.6,2
LOG-503239,USR-2222,2024-12-20,Gym Workout,15,206,926,113,6.9,2.7,1
LOG-500805,USR-2199,2024-12-20,Gym Workout,82,610,707,137,6.0,1.5,4
LOG-501477,USR-2002,2024-12-20,Cycling,100,387,13749,176,5.6,1.7,4
LOG-500534,USR-2052,2024-12-20,Running,106,749,19104,78,6.0,3.6,2
LOG-500486,USR-2202,2024-12-20,Gym Workout,118,674,6594,86,7.2,4.0,1
LOG-500323,USR-2175,2024-12-20,Gym Workout,34,758,8534,94,6.0,3.8,1
LOG-502797,USR-2114,2024-12-20,Gym Workout,56,191,10507,79,5.0,1.1,4
LOG-502089,USR-2216,2024-12-20,Cycling,63,130,14177,127,7.0,1.0,1
LOG-502148,USR-2221,2024-12-20,Yoga,45,237,15614,108,5.7,1.1,2
LOG-501910,USR-2218,2024-12-21,Running,104,555,17693,174,8.4,4.0,2
LOG-503261,USR-2122,2024-12-21,Gym Workout,50,718,5929,70,5.1,0.9,2
LOG-500958,USR-2191,2024-12-21,Yoga,23,764,14702,110,7.6,2.6,1
LOG-501301,USR-2241,2024-12-21,Walking,88,482,16871,114,8.2,1.6,5
LOG-502764,USR-2178,2024-12-21,Cycling,104,839,6584,128,7.0,2.9,5
LOG-501136,USR-2291,2024-12-21,Gym Workout,84,864,9544,164,6.3,2.1,1
LOG-502603,USR-2287,2024-12-21,Cycling,25,659,3919,94,5.7,0.6,4
LOG-500518,USR-2038,2024-12-21,HIIT,55,328,16621,153,8.1,2.1,3
LOG-500525,USR-2227,2024-12-21,Cycling,110,798,1868,111,9.0,3.9,5
LOG-502675,USR-2017,2024-12-21,HIIT,36,722,10648,87,6.4,2.9,4
LOG-500658,USR-2108,2024-12-21,Cycling,75,194,10784,165,6.1,3.6,5
LOG-503226,USR-2267,2024-12-21,Walking,50,202,6502,94,8.8,0.8,5
LOG-502638,USR-2041,2024-12-22,Cycling,52,310,16961,128,7.2,0.8,1
LOG-501209,USR-2075,2024-12-22,Walking,84,333,19792,87,8.0,0.6,4
LOG-500521,USR-2153,2024-12-22,Yoga,110,117,19092,91,7.0,3.3,4
LOG-503033,USR-2107,2024-12-22,HIIT,18,726,11552,176,8.7,3.7,4
LOG-501029,USR-2146,2024-12-22,Swimming,89,90,10022,80,6.9,3.8,5
LOG-502035,USR-2180,2024-12-22,Walking,16,92,7894,132,6.0,2.4,5
LOG-503255,USR-2024,2024-12-22,Walking,59,581,9409,130,9.0,1.4,1
LOG-503495,USR-2024,2024-12-22,Cycling,104,831,2733,120,7.0,3.5,5
LOG-502085,USR-2074,2024-12-22,Swimming,83,113,4942,85,5.4,4.0,5
LOG-500593,USR-2247,2024-12-22,Cycling,59,670,916,154,6.0,1.8,5
LOG-502481,USR-2282,2024-12-22,Swimming,66,57,17727,70,8.1,3.4,4
LOG-501533,USR-2245,2024-12-22,HIIT,74,402,9202,79,6.0,2.8,5
LOG-501454,USR-2124,2024-12-22,HIIT,78,855,14401,81,8.6,1.8,1
LOG-501904,USR-2140,2024-12-22,Walking,71,626,3375,108,6.4,2.5,3
LOG-502288,USR-2209,2024-12-23,Gym Workout,27,514,3543,74,6.1,1.9,2
LOG-503433,USR-2051,2024-12-23,Yoga,35,644,13892,168,6.9,3.8,2
LOG-502562,USR-2234,2024-12-23,Yoga,107,480,8128,97,8.3,3.3,2
LOG-503490,USR-2075,2024-12-23,Swimming,54,788,2654,166,7.8,0.8,4
LOG-501617,USR-2087,2024-12-23,Cycling,85,257,11454,178,9.0,0.9,2
LOG-501187,USR-2193,2024-12-23,Cycling,119,791,5219,167,4.3,1.7,4
LOG-500778,USR-2161,2024-12-23,Walking,105,194,15870,76,5.2,1.8,2
LOG-501728,USR-2196,2024-12-23,Walking,40,354,15081,123,5.0,2.1,1
LOG-500293,USR-2241,2024-12-23,Yoga,104,399,4909,77,5.4,4.0,1
LOG-503041,USR-2178,2024-12-23,Cycling,48,179,18465,101,7.9,2.0,1
LOG-501264,USR-2078,2024-12-23,Yoga,105,892,3826,133,8.2,0.8,3
LOG-500001,USR-2145,2024-12-24,HIIT,69,662,4422,157,4.7,2.9,4
LOG-500589,USR-2088,2024-12-24,HIIT,16,879,18543,155,8.8,1.9,1
LOG-501609,USR-2062,2024-12-24,Walking,87,354,10503,108,8.5,4.0,3
LOG-502923,USR-2294,2024-12-24,Cycling,26,752,16647,97,8.0,1.5,4
LOG-501799,USR-2148,2024-12-24,Cycling,68,706,15212,71,7.1,2.4,1
LOG-501729,USR-2111,2024-12-24,Yoga,39,813,5811,105,7.9,1.6,4
LOG-500060,USR-2123,2024-12-24,Running,14,179,8333,153,6.6,1.6,4
LOG-502294,USR-2044,2024-12-24,Walking,37,503,550,175,6.0,2.2,2
LOG-501858,USR-2252,2024-12-24,HIIT,92,861,11842,155,6.7,1.7,4
LOG-502591,USR-2227,2024-12-25,HIIT,86,219,11271,145,7.4,1.5,2
LOG-500229,USR-2201,2024-12-25,HIIT,59,798,5684,103,5.2,0.9,3
LOG-502846,USR-2214,2024-12-25,Yoga,99,804,11011,96,5.1,2.6,1
LOG-500783,USR-2262,2024-12-25,Cycling,97,892,2395,171,7.8,0.9,1
LOG-500609,USR-2237,2024-12-25,Swimming,44,62,13241,118,4.2,1.0,3
LOG-502847,USR-2150,2024-12-25,Gym Workout,104,186,6326,136,7.2,3.8,1
LOG-502484,USR-2110,2024-12-25,Yoga,98,53,16176,172,7.4,3.0,4
LOG-501507,USR-2133,2024-12-25,Swimming,52,762,11940,102,5.0,4.0,4
LOG-501818,USR-2205,2024-12-25,Walking,85,767,17976,148,8.9,2.8,5
LOG-500010,USR-2290,2024-12-26,Gym Workout,59,188,19963,119,8.5,3.5,2
LOG-500861,USR-2125,2024-12-26,Running,12,197,11339,146,6.3,2.6,3
LOG-501608,USR-2110,2024-12-26,Running,46,816,13663,121,4.2,1.1,2
LOG-502951,USR-2061,2024-12-26,Yoga,72,548,890,158,6.5,3.1,3
LOG-500386,USR-2194,2024-12-26,Running,102,731,14089,119,5.0,3.5,3
LOG-501916,USR-2190,2024-12-26,Walking,36,565,2887,125,8.4,2.7,1
LOG-503419,USR-2210,2024-12-26,Swimming,68,313,10431,112,7.0,1.4,4
LOG-501057,USR-2018,2024-12-27,Walking,35,858,15993,172,5.3,3.9,2
LOG-500780,USR-2150,2024-12-27,Swimming,99,73,19675,164,4.6,1.3,3
LOG-503486,USR-2265,2024-12-27,Running,80,443,1574,90,9.0,0.5,2
LOG-503485,USR-2142,2024-12-27,Swimming,59,707,15824,121,8.2,2.9,4
LOG-501287,USR-2287,2024-12-27,Swimming,90,547,10392,136,6.1,3.4,1
LOG-500590,USR-2018,2024-12-27,Yoga,12,647,16771,153,4.3,2.0,3
LOG-502249,USR-2213,2024-12-27,Walking,63,842,3384,75,6.6,2.8,4
LOG-502361,USR-2185,2024-12-27,HIIT,36,302,3243,164,6.7,2.7,1
LOG-502024,USR-2253,2024-12-27,Cycling,58,513,8684,81,6.9,4.0,3
LOG-500321,USR-2043,2024-12-27,Walking,43,414,10530,137,5.5,3.2,4
LOG-501606,USR-2278,2024-12-28,Walking,109,321,1860,102,7.4,1.9,4
LOG-500531,USR-2271,2024-12-28,Walking,24,703,784,153,8.7,0.5,4
LOG-502503,USR-2289,2024-12-28,Gym Workout,93,422,9646,82,7.0,3.5,1
LOG-501840,USR-2260,2024-12-28,HIIT,72,275,7150,109,6.1,3.1,1
LOG-500219,USR-2236,2024-12-28,Swimming,24,254,14359,104,6.5,0.5,3
LOG-501128,USR-2190,2024-12-28,Walking,93,869,15292,166,4.6,2.0,3
LOG-501998,USR-2027,2024-12-28,Walking,99,564,847,81,8.4,3.8,4
LOG-502496,USR-2075,2024-12-28,Running,44,800,14121,174,4.8,3.3,3
LOG-500331,USR-2092,2024-12-29,Swimming,106,192,16939,158,8.6,1.6,3
LOG-503332,USR-2002,2024-12-29,Cycling,13,162,18875,128,8.6,0.5,4
LOG-502715,USR-2174,2024-12-29,Walking,89,69,11677,106,4.8,2.8,2
LOG-503211,USR-2039,2024-12-29,Swimming,43,577,17758,162,5.4,3.4,4
LOG-502139,USR-2188,2024-12-29,Walking,47,350,8338,151,4.7,1.0,5
LOG-500259,USR-2238,2024-12-29,Yoga,88,199,4421,167,5.1,1.9,2
LOG-501408,USR-2212,2024-12-29,HIIT,110,730,10538,175,8.5,2.8,5
LOG-501801,USR-2041,2024-12-29,Gym Workout,69,583,4627,81,5.8,3.2,3
LOG-502623,USR-2215,2024-12-29,Swimming,83,698,3368,147,6.1,3.4,2
LOG-500245,USR-2258,2024-12-29,Walking,71,798,11373,116,7.2,2.4,3
LOG-500857,USR-2181,2024-12-30,Running,45,861,19701,126,6.9,0.7,5
LOG-501018,USR-2244,2024-12-30,HIIT,67,305,6946,85,7.1,3.6,2
LOG-501992,USR-2193,2024-12-30,Running,76,387,12469,123,4.5,1.9,5
LOG-500316,USR-2225,2024-12-30,Gym Workout,56,812,12632,142,8.5,1.7,4
LOG-502360,USR-2048,2024-12-30,Running,30,796,10986,123,6.4,3.1,2
LOG-500603,USR-2026,2024-12-30,Yoga,43,68,13628,118,5.3,3.7,5
LOG-500067,USR-2128,2024-12-30,Gym Workout,31,436,16631,94,4.6,1.0,5
LOG-501671,USR-2085,2024-12-30,Cycling,66,395,4110,96,4.6,1.3,5
LOG-502050,USR-2179,2024-12-30,Cycling,30,307,16975,78,5.0,2.0,4
LOG-501893,USR-2122,2024-12-31,HIIT,37,741,3532,131,7.8,3.3,1
LOG-503402,USR-2197,2024-12-31,Swimming,87,89,3230,129,7.6,0.7,1
LOG-500012,USR-2213,2024-12-31,Cycling,67,778,677,125,7.0,0.9,3
LOG-501123,USR-2145,2024-12-31,Cycling,38,559,16288,161,6.7,2.5,5
LOG-501088,USR-2179,2024-12-31,Gym Workout,43,520,10574,152,5.1,2.2,3
LOG-500706,USR-2200,2024-12-31,Gym Workout,94,704,3945,74,5.6,1.7,4
LOG-503184,USR-2102,2024-12-31,Swimming,28,797,1118,110,6.2,3.4,5
LOG-502469,USR-2231,2024-12-31,Yoga,41,860,6556,100,4.6,1.4,4
LOG-502716,USR-2143,2024-12-31,Swimming,42,88,9231,120,7.5,1.1,3
